at,at_mcs,type,pid,pid_arg,mfa,atom,prompt,message,term,size,hash
1498729099,408860,send,"<0.61.0>","<0.55.0>",,,,,"{#Ref<0.0.3.64>,ok}","-1",
1498729099,408886,send,"<0.61.0>",,,"code_server",,,"{code_call,<0.61.0>,{ensure_loaded,shell}}","-1",
1498729099,413745,send,"<0.61.0>",,,"code_server",,,"{code_call,<0.61.0>,{ensure_loaded,user_default}}","-1",
1498729099,417711,spawn,"<0.62.0>","<0.61.0>","erlang:apply/2",,,,,"-1",
1498729099,417716,send,"<0.61.0>","<0.58.0>",,,,,"{'$gen_call',{<0.61.0>,#Ref<0.0.3.65>},{ignore_pids_tracing,[<0.62.0>]}}","-1",
1498729099,417743,send,"<0.62.0>",,,"init",,,"{<0.62.0>,{get_argument,async_shell_start}}","-1",
1498729099,417763,send,"<0.62.0>",,,"init",,,"{<0.62.0>,{notify_when_started,<0.62.0>}}","-1",
1498729099,417792,send,"<0.62.0>",,,"code_server",,,"{code_call,<0.62.0>,{is_loaded,shell_default}}","-1",
1498729099,419563,send,"<0.62.0>",,,"code_server",,,"{code_call,<0.62.0>,get_path}","-1",
1498729099,423448,send,"<0.62.0>","<0.4.0>",,,,,"{<0.62.0>,
 {list_dir,""/home/vg/work/espace/erunner/_build/default/lib/erunner/ebin""}}","-1",
1498729099,423777,send,"<0.62.0>","<0.4.0>",,,,,"{<0.62.0>,{list_dir,"".""}}","-1",
1498729099,423901,send,"<0.62.0>","<0.4.0>",,,,,"{<0.62.0>,{list_dir,""/usr/lib/erlang/lib/kernel-5.0/ebin""}}","-1",
1498729099,424115,send,"<0.62.0>","<0.4.0>",,,,,"{<0.62.0>,{list_dir,""/usr/lib/erlang/lib/stdlib-3.0.1/ebin""}}","-1",
1498729099,426826,send,"<0.62.0>",,,"code_server",,,"{code_call,<0.62.0>,{ensure_loaded,beam_lib}}","-1",
1498729099,428841,send,"<0.62.0>",,,"code_server",,,"{code_call,<0.62.0>,{ensure_loaded,ram_file}}","-1",
1498729099,430549,send,"<0.62.0>",,,"code_server",,,"{code_call,<0.62.0>,{ensure_loaded,erl_anno}}","-1",
1498729099,431768,send,"<0.62.0>",,,"code_server",,,"{code_call,<0.62.0>,{ensure_loaded,ordsets}}","-1",
1498729099,432396,send,"<0.62.0>",,,"code_server",,,"{code_call,<0.62.0>,{ensure_loaded,dict}}","-1",
1498729099,433558,send,"<0.62.0>",,,"code_server",,,"{code_call,<0.62.0>,{ensure_loaded,sets}}","-1",
1498729099,434450,send,"<0.62.0>",,,"code_server",,,"{code_call,<0.62.0>,{is_loaded,user_default}}","-1",
1498729099,434498,send,"<0.62.0>","<0.60.0>",,,,,"{io_request,<0.62.0>,#Ref<0.0.3.87>,
            {put_chars,unicode,io_lib,format,[<<""Eshell V~s\n"">>,[""8.0.2""]]}}","-1",
1498729099,434503,shell_output,,,,,,"Eshell V8.0.2
",,"-1",
1498729099,434526,spawn,"<0.63.0>","<0.62.0>","erlang:apply/2",,,,,"-1",
1498729099,434528,link,"<0.63.0>","<0.62.0>",,,,,,"-1",
1498729099,434541,spawn,"<0.64.0>","<0.62.0>","erlang:apply/2",,,,,"-1",
1498729099,434542,link,"<0.64.0>","<0.62.0>",,,,,,"-1",
1498729099,434615,send,"<0.64.0>","<0.60.0>",,,,,"{io_request,<0.64.0>,#Ref<0.0.3.89>,
            {get_until,unicode,[""1"",62,32],erl_scan,tokens,[1,[]]}}","-1",
1498729099,434626,shell_input_expected,,,,,"1> ",,,"-1",
1498729121,871076,shell_input,,,,,"1> ","F = fun() -> 2 + 2 end.
",,"-1",
1498729121,871340,exit,"<0.64.0>",,,,,,"{ok,[{match,1,
         {var,1,'F'},
         {'fun',1,
             {clauses,
                 [{clause,1,[],[],
                      [{op,1,'+',{integer,1,2},{integer,1,2}}]}]}}}]}","-1",
1498729121,871538,send,"<0.62.0>","<0.63.0>",,,,,"{shell_cmd,<0.62.0>,
    {eval,
        [{match,1,
             {var,1,'F'},
             {'fun',1,
                 {clauses,
                     [{clause,1,[],[],
                          [{op,1,'+',{integer,1,2},{integer,1,2}}]}]}}}]},
    cmd}","-1",
1498729121,871754,send,"<0.63.0>","<0.60.0>",,,,,"{io_request,<0.63.0>,#Ref<0.0.3.101>,{get_geometry,columns}}","-1",
1498729121,871796,send,"<0.63.0>","<0.60.0>",,,,,"{io_request,<0.63.0>,#Ref<0.0.3.102>,getopts}","-1",
1498729121,872015,send,"<0.63.0>","<0.60.0>",,,,,"{io_request,<0.63.0>,#Ref<0.0.3.104>,
            {requests,[{put_chars,unicode,<<""#Fun<erl_eval.20.52032458>"">>},
                       {put_chars,unicode,""\n""}]}}","-1",
1498729121,872031,shell_output,,,,,,"#Fun<erl_eval.20.52032458>
",,"-1",
1498729121,872133,send,"<0.63.0>","<0.62.0>",,,,,"{shell_rep,<0.63.0>,
           {value,#Fun<erl_eval.20.52032458>,
                  [{'F',#Fun<erl_eval.20.52032458>}],
                  []}}","-1",
1498729121,872198,spawn,"<0.65.0>","<0.62.0>","erlang:apply/2",,,,,"-1",
1498729121,872202,link,"<0.65.0>","<0.62.0>",,,,,,"-1",
1498729121,872227,send,"<0.65.0>","<0.60.0>",,,,,"{io_request,<0.65.0>,#Ref<0.0.3.106>,
            {get_until,unicode,[""2"",62,32],erl_scan,tokens,[1,[]]}}","-1",
1498729121,872298,shell_input_expected,,,,,"2> ",,,"-1",
1498729134,102159,shell_input,,,,,"2> ","spawn(F).
",,"-1",
1498729134,102430,exit,"<0.65.0>",,,,,,"{ok,[{call,1,{atom,1,spawn},[{var,1,'F'}]}]}","-1",
1498729134,102581,send,"<0.62.0>","<0.63.0>",,,,,"{shell_cmd,<0.62.0>,{eval,[{call,1,{atom,1,spawn},[{var,1,'F'}]}]},cmd}","-1",
1498729134,102703,send,"<0.63.0>",,,"code_server",,,"{code_call,<0.63.0>,{ensure_loaded,erl_internal}}","-1",
1498729134,104680,send,"<0.63.0>",,,"code_server",,,"{code_call,<0.63.0>,{ensure_loaded,otp_internal}}","-1",
1498729134,107414,spawn,"<0.66.0>","<0.63.0>","erlang:apply/2",,,,,"-1",
1498729134,107431,send,"<0.63.0>","<0.60.0>",,,,,"{io_request,<0.63.0>,#Ref<0.0.3.122>,{get_geometry,columns}}","-1",
1498729134,107499,exit,"<0.66.0>",,,,,,"normal","-1",
1498729134,107545,send,"<0.63.0>","<0.60.0>",,,,,"{io_request,<0.63.0>,#Ref<0.0.3.124>,getopts}","-1",
1498729134,107599,send,"<0.63.0>","<0.60.0>",,,,,"{io_request,<0.63.0>,#Ref<0.0.3.125>,
            {requests,[{put_chars,unicode,<<""<0.66.0>"">>},
                       {put_chars,unicode,""\n""}]}}","-1",
1498729134,107708,shell_output,,,,,,"<0.66.0>
",,"-1",
1498729134,107751,send,"<0.63.0>","<0.62.0>",,,,,"{shell_rep,<0.63.0>,{value,<0.66.0>,[{'F',#Fun<erl_eval.20.52032458>}],[]}}","-1",
1498729134,107817,spawn,"<0.67.0>","<0.62.0>","erlang:apply/2",,,,,"-1",
1498729134,107821,link,"<0.67.0>","<0.62.0>",,,,,,"-1",
1498729134,107898,send,"<0.67.0>","<0.60.0>",,,,,"{io_request,<0.67.0>,#Ref<0.0.3.128>,
            {get_until,unicode,[""3"",62,32],erl_scan,tokens,[1,[]]}}","-1",
1498729134,107925,shell_input_expected,,,,,"3> ",,,"-1",
1498729178,446779,shell_input,,,,,"3> ","spawn(fun() -> io:format(""~p~n"",[2 + 2]) end).
",,"-1",
1498729178,447105,exit,"<0.67.0>",,,,,,"{ok,[{call,1,
         {atom,1,spawn},
         [{'fun',1,
              {clauses,
                  [{clause,1,[],[],
                       [{call,1,
                            {remote,1,{atom,1,io},{atom,1,format}},
                            [{string,1,""~p~n""},
                             {cons,1,
                                 {op,1,'+',{integer,1,2},{integer,1,2}},
                                 {nil,1}}]}]}]}}]}]}","-1",
1498729178,447492,send,"<0.62.0>","<0.63.0>",,,,,"{shell_cmd,<0.62.0>,
    {eval,
        [{call,1,
             {atom,1,spawn},
             [{'fun',1,
                  {clauses,
                      [{clause,1,[],[],
                           [{call,1,
                                {remote,1,{atom,1,io},{atom,1,format}},
                                [{string,1,""~p~n""},
                                 {cons,1,
                                     {op,1,'+',{integer,1,2},{integer,1,2}},
                                     {nil,1}}]}]}]}}]}]},
    cmd}","-1",
1498729178,447732,send,"<0.63.0>",,,"code_server",,,"{code_call,<0.63.0>,{ensure_loaded,string}}","-1",
1498729178,450579,spawn,"<0.68.0>","<0.63.0>","erlang:apply/2",,,,,"-1",
1498729178,450597,send,"<0.63.0>","<0.60.0>",,,,,"{io_request,<0.63.0>,#Ref<0.0.3.143>,{get_geometry,columns}}","-1",
1498729178,450633,send,"<0.68.0>","<0.60.0>",,,,,"{io_request,<0.68.0>,#Ref<0.0.3.144>,
            {put_chars,unicode,io_lib,format,[""~p~n"",[4]]}}","-1",
1498729178,450646,shell_output,,,,,,"4
",,"-1",
1498729178,450748,send,"<0.63.0>","<0.60.0>",,,,,"{io_request,<0.63.0>,#Ref<0.0.3.146>,getopts}","-1",
1498729178,450758,exit,"<0.68.0>",,,,,,"normal","-1",
1498729178,450818,send,"<0.63.0>","<0.60.0>",,,,,"{io_request,<0.63.0>,#Ref<0.0.3.147>,
            {requests,[{put_chars,unicode,<<""<0.68.0>"">>},
                       {put_chars,unicode,""\n""}]}}","-1",
1498729178,450842,shell_output,,,,,,"<0.68.0>
",,"-1",
1498729178,450973,send,"<0.63.0>","<0.62.0>",,,,,"{shell_rep,<0.63.0>,{value,<0.68.0>,[{'F',#Fun<erl_eval.20.52032458>}],[]}}","-1",
1498729178,451053,spawn,"<0.69.0>","<0.62.0>","erlang:apply/2",,,,,"-1",
1498729178,451058,link,"<0.69.0>","<0.62.0>",,,,,,"-1",
1498729178,451084,send,"<0.69.0>","<0.60.0>",,,,,"{io_request,<0.69.0>,#Ref<0.0.3.149>,
            {get_until,unicode,[""4"",62,32],erl_scan,tokens,[1,[]]}}","-1",
1498729178,451212,shell_input_expected,,,,,"4> ",,,"-1",
1498729193,39157,shell_input,,,,,"4> ","G = fun(X) -> timer:sleep(10), io:format(""~p~n"", [X]) end.
",,"-1",
1498729193,39552,exit,"<0.69.0>",,,,,,"{ok,[{match,1,
         {var,1,'G'},
         {'fun',1,
             {clauses,
                 [{clause,1,
                      [{var,1,'X'}],
                      [],
                      [{call,1,
                           {remote,1,{atom,1,timer},{atom,1,sleep}},
                           [{integer,1,10}]},
                       {call,1,
                           {remote,1,{atom,1,io},{atom,1,format}},
                           [{string,1,""~p~n""},
                            {cons,1,{var,1,'X'},{nil,1}}]}]}]}}}]}","-1",
1498729193,39861,send,"<0.62.0>","<0.63.0>",,,,,"{shell_cmd,<0.62.0>,
    {eval,
        [{match,1,
             {var,1,'G'},
             {'fun',1,
                 {clauses,
                     [{clause,1,
                          [{var,1,'X'}],
                          [],
                          [{call,1,
                               {remote,1,{atom,1,timer},{atom,1,sleep}},
                               [{integer,1,10}]},
                           {call,1,
                               {remote,1,{atom,1,io},{atom,1,format}},
                               [{string,1,""~p~n""},
                                {cons,1,{var,1,'X'},{nil,1}}]}]}]}}}]},
    cmd}","-1",
1498729193,40281,send,"<0.63.0>","<0.60.0>",,,,,"{io_request,<0.63.0>,#Ref<0.0.3.165>,{get_geometry,columns}}","-1",
1498729193,40330,send,"<0.63.0>","<0.60.0>",,,,,"{io_request,<0.63.0>,#Ref<0.0.3.166>,getopts}","-1",
1498729193,40815,send,"<0.63.0>","<0.60.0>",,,,,"{io_request,<0.63.0>,#Ref<0.0.3.168>,
            {requests,[{put_chars,unicode,<<""#Fun<erl_eval.6.52032458>"">>},
                       {put_chars,unicode,""\n""}]}}","-1",
1498729193,40841,shell_output,,,,,,"#Fun<erl_eval.6.52032458>
",,"-1",
1498729193,40966,send,"<0.63.0>","<0.62.0>",,,,,"{shell_rep,<0.63.0>,
           {value,#Fun<erl_eval.6.52032458>,
                  [{'F',#Fun<erl_eval.20.52032458>},
                   {'G',#Fun<erl_eval.6.52032458>}],
                  []}}","-1",
1498729193,41069,spawn,"<0.70.0>","<0.62.0>","erlang:apply/2",,,,,"-1",
1498729193,41073,link,"<0.70.0>","<0.62.0>",,,,,,"-1",
1498729193,41101,send,"<0.70.0>","<0.60.0>",,,,,"{io_request,<0.70.0>,#Ref<0.0.3.170>,
            {get_until,unicode,[""5"",62,32],erl_scan,tokens,[1,[]]}}","-1",
1498729193,41202,shell_input_expected,,,,,"5> ",,,"-1",
1498729226,287208,shell_input,,,,,"5> ","[spawn(fun() -> G(X) end) || X <- lists:seq(1,10)].
",,"-1",
1498729226,287571,exit,"<0.70.0>",,,,,,"{ok,[{lc,1,
         {call,1,
             {atom,1,spawn},
             [{'fun',1,
                  {clauses,
                      [{clause,1,[],[],
                           [{call,1,{var,1,'G'},[{var,1,'X'}]}]}]}}]},
         [{generate,1,
              {var,1,'X'},
              {call,1,
                  {remote,1,{atom,1,lists},{atom,1,seq}},
                  [{integer,1,1},{integer,1,10}]}}]}]}","-1",
1498729226,287885,send,"<0.62.0>","<0.63.0>",,,,,"{shell_cmd,<0.62.0>,
    {eval,
        [{lc,1,
             {call,1,
                 {atom,1,spawn},
                 [{'fun',1,
                      {clauses,
                          [{clause,1,[],[],
                               [{call,1,{var,1,'G'},[{var,1,'X'}]}]}]}}]},
             [{generate,1,
                  {var,1,'X'},
                  {call,1,
                      {remote,1,{atom,1,lists},{atom,1,seq}},
                      [{integer,1,1},{integer,1,10}]}}]}]},
    cmd}","-1",
1498729226,288380,spawn,"<0.71.0>","<0.63.0>","erlang:apply/2",,,,,"-1",
1498729226,288505,spawn,"<0.72.0>","<0.63.0>","erlang:apply/2",,,,,"-1",
1498729226,288653,spawn,"<0.73.0>","<0.63.0>","erlang:apply/2",,,,,"-1",
1498729226,288775,spawn,"<0.74.0>","<0.63.0>","erlang:apply/2",,,,,"-1",
1498729226,289180,send,"<0.71.0>",,,"code_server",,,"{code_call,<0.71.0>,{ensure_loaded,timer}}","-1",
1498729226,289212,send,"<0.73.0>",,,"code_server",,,"{code_call,<0.73.0>,{ensure_loaded,timer}}","-1",
1498729226,289238,send,"<0.72.0>",,,"code_server",,,"{code_call,<0.72.0>,{ensure_loaded,timer}}","-1",
1498729226,289241,send,"<0.74.0>",,,"code_server",,,"{code_call,<0.74.0>,{ensure_loaded,timer}}","-1",
1498729226,289432,spawn,"<0.75.0>","<0.63.0>","erlang:apply/2",,,,,"-1",
1498729226,289622,spawn,"<0.76.0>","<0.63.0>","erlang:apply/2",,,,,"-1",
1498729226,289675,send,"<0.75.0>",,,"code_server",,,"{code_call,<0.75.0>,{ensure_loaded,timer}}","-1",
1498729226,289728,send,"<0.76.0>",,,"code_server",,,"{code_call,<0.76.0>,{ensure_loaded,timer}}","-1",
1498729226,289801,spawn,"<0.77.0>","<0.63.0>","erlang:apply/2",,,,,"-1",
1498729226,289926,send,"<0.77.0>",,,"code_server",,,"{code_call,<0.77.0>,{ensure_loaded,timer}}","-1",
1498729226,290029,spawn,"<0.78.0>","<0.63.0>","erlang:apply/2",,,,,"-1",
1498729226,290125,send,"<0.78.0>",,,"code_server",,,"{code_call,<0.78.0>,{ensure_loaded,timer}}","-1",
1498729226,290191,spawn,"<0.79.0>","<0.63.0>","erlang:apply/2",,,,,"-1",
1498729226,290361,spawn,"<0.80.0>","<0.63.0>","erlang:apply/2",,,,,"-1",
1498729226,290398,send,"<0.63.0>","<0.60.0>",,,,,"{io_request,<0.63.0>,#Ref<0.0.2.0>,{get_geometry,columns}}","-1",
1498729226,290439,send,"<0.79.0>",,,"code_server",,,"{code_call,<0.79.0>,{ensure_loaded,timer}}","-1",
1498729226,290447,send,"<0.80.0>",,,"code_server",,,"{code_call,<0.80.0>,{ensure_loaded,timer}}","-1",
1498729226,290496,send,"<0.63.0>","<0.60.0>",,,,,"{io_request,<0.63.0>,#Ref<0.0.2.1>,getopts}","-1",
1498729226,290673,send,"<0.63.0>","<0.60.0>",,,,,"{io_request,<0.63.0>,#Ref<0.0.2.3>,
            {requests,[{put_chars,unicode,
                                  <<""[<0.71.0>,<0.72.0>,<0.73.0>,<0.74.0>,<0.75.0>,<0.76.0>,\n <0.77.0>,<0.78.0>,<0.79.0>,<0.80.0>]"">>},
                       {put_chars,unicode,""\n""}]}}","-1",
1498729226,290688,shell_output,,,,,,"[<0.71.0>,<0.72.0>,<0.73.0>,<0.74.0>,<0.75.0>,<0.76.0>,
 <0.77.0>,<0.78.0>,<0.79.0>,<0.80.0>]
",,"-1",
1498729226,290714,send,"<0.63.0>","<0.62.0>",,,,,"{shell_rep,<0.63.0>,
           {value,[<0.71.0>,<0.72.0>,<0.73.0>,<0.74.0>,<0.75.0>,<0.76.0>,
                   <0.77.0>,<0.78.0>,<0.79.0>,<0.80.0>],
                  [{'F',#Fun<erl_eval.20.52032458>},
                   {'G',#Fun<erl_eval.6.52032458>}],
                  []}}","-1",
1498729226,290836,spawn,"<0.81.0>","<0.62.0>","erlang:apply/2",,,,,"-1",
1498729226,290841,link,"<0.81.0>","<0.62.0>",,,,,,"-1",
1498729226,290871,send,"<0.81.0>","<0.60.0>",,,,,"{io_request,<0.81.0>,#Ref<0.0.2.4>,
            {get_until,unicode,[""6"",62,32],erl_scan,tokens,[1,[]]}}","-1",
1498729226,290991,shell_input_expected,,,,,"6> ",,,"-1",
1498729226,302708,send,"<0.71.0>","<0.60.0>",,,,,"{io_request,<0.71.0>,#Ref<0.0.3.187>,
            {put_chars,unicode,io_lib,format,[""~p~n"",[1]]}}","-1",
1498729226,302761,send,"<0.73.0>","<0.60.0>",,,,,"{io_request,<0.73.0>,#Ref<0.0.3.188>,
            {put_chars,unicode,io_lib,format,[""~p~n"",[3]]}}","-1",
1498729226,302779,send,"<0.74.0>","<0.60.0>",,,,,"{io_request,<0.74.0>,#Ref<0.0.3.189>,
            {put_chars,unicode,io_lib,format,[""~p~n"",[4]]}}","-1",
1498729226,302798,send,"<0.75.0>","<0.60.0>",,,,,"{io_request,<0.75.0>,#Ref<0.0.3.190>,
            {put_chars,unicode,io_lib,format,[""~p~n"",[5]]}}","-1",
1498729226,302815,send,"<0.76.0>","<0.60.0>",,,,,"{io_request,<0.76.0>,#Ref<0.0.3.191>,
            {put_chars,unicode,io_lib,format,[""~p~n"",[6]]}}","-1",
1498729226,302834,send,"<0.78.0>","<0.60.0>",,,,,"{io_request,<0.78.0>,#Ref<0.0.3.192>,
            {put_chars,unicode,io_lib,format,[""~p~n"",""\b""]}}","-1",
1498729226,302852,send,"<0.79.0>","<0.60.0>",,,,,"{io_request,<0.79.0>,#Ref<0.0.3.193>,
            {put_chars,unicode,io_lib,format,[""~p~n"",""\t""]}}","-1",
1498729226,302869,send,"<0.72.0>","<0.60.0>",,,,,"{io_request,<0.72.0>,#Ref<0.0.3.194>,
            {put_chars,unicode,io_lib,format,[""~p~n"",[2]]}}","-1",
1498729226,302886,send,"<0.77.0>","<0.60.0>",,,,,"{io_request,<0.77.0>,#Ref<0.0.3.195>,
            {put_chars,unicode,io_lib,format,[""~p~n"",[7]]}}","-1",
1498729226,302903,send,"<0.80.0>","<0.60.0>",,,,,"{io_request,<0.80.0>,#Ref<0.0.3.196>,
            {put_chars,unicode,io_lib,format,[""~p~n"",""\n""]}}","-1",
1498729226,302938,shell_output,,,,,,"1
",,"-1",
1498729226,302967,shell_output,,,,,,"3
",,"-1",
1498729226,302979,exit,"<0.71.0>",,,,,,"normal","-1",
1498729226,302986,shell_output,,,,,,"4
",,"-1",
1498729226,303002,shell_output,,,,,,"5
",,"-1",
1498729226,303018,shell_output,,,,,,"6
",,"-1",
1498729226,303033,shell_output,,,,,,"8
",,"-1",
1498729226,303047,shell_output,,,,,,"9
",,"-1",
1498729226,303071,shell_output,,,,,,"2
",,"-1",
1498729226,303083,exit,"<0.73.0>",,,,,,"normal","-1",
1498729226,303087,shell_output,,,,,,"7
",,"-1",
1498729226,303101,shell_output,,,,,,"10
",,"-1",
1498729226,303127,exit,"<0.74.0>",,,,,,"normal","-1",
1498729226,303141,exit,"<0.75.0>",,,,,,"normal","-1",
1498729226,303152,exit,"<0.76.0>",,,,,,"normal","-1",
1498729226,303163,exit,"<0.78.0>",,,,,,"normal","-1",
1498729226,303174,exit,"<0.79.0>",,,,,,"normal","-1",
1498729226,303184,exit,"<0.72.0>",,,,,,"normal","-1",
1498729226,303201,exit,"<0.77.0>",,,,,,"normal","-1",
1498729226,303207,exit,"<0.80.0>",,,,,,"normal","-1",
1498729308,537138,shell_input,,,,,"6> ","self().
",,"-1",
1498729308,537527,exit,"<0.81.0>",,,,,,"{ok,[{call,1,{atom,1,self},[]}]}","-1",
1498729308,537601,send,"<0.62.0>","<0.63.0>",,,,,"{shell_cmd,<0.62.0>,{eval,[{call,1,{atom,1,self},[]}]},cmd}","-1",
1498729308,537725,send,"<0.63.0>","<0.60.0>",,,,,"{io_request,<0.63.0>,#Ref<0.0.2.33>,{get_geometry,columns}}","-1",
1498729308,537772,send,"<0.63.0>","<0.60.0>",,,,,"{io_request,<0.63.0>,#Ref<0.0.2.34>,getopts}","-1",
1498729308,537832,send,"<0.63.0>","<0.60.0>",,,,,"{io_request,<0.63.0>,#Ref<0.0.2.35>,
            {requests,[{put_chars,unicode,<<""<0.63.0>"">>},
                       {put_chars,unicode,""\n""}]}}","-1",
1498729308,537867,shell_output,,,,,,"<0.63.0>
",,"-1",
1498729308,537903,send,"<0.63.0>","<0.62.0>",,,,,"{shell_rep,<0.63.0>,
           {value,<0.63.0>,
                  [{'F',#Fun<erl_eval.20.52032458>},
                   {'G',#Fun<erl_eval.6.52032458>}],
                  []}}","-1",
1498729308,538000,spawn,"<0.82.0>","<0.62.0>","erlang:apply/2",,,,,"-1",
1498729308,538007,link,"<0.82.0>","<0.62.0>",,,,,,"-1",
1498729308,538027,send,"<0.82.0>","<0.60.0>",,,,,"{io_request,<0.82.0>,#Ref<0.0.3.228>,
            {get_until,unicode,[""7"",62,32],erl_scan,tokens,[1,[]]}}","-1",
1498729308,538042,shell_input_expected,,,,,"7> ",,,"-1",
1498729323,663473,shell_input,,,,,"7> ","exit(self()).
",,"-1",
1498729323,663849,exit,"<0.82.0>",,,,,,"{ok,[{call,1,{atom,1,exit},[{call,1,{atom,1,self},[]}]}]}","-1",
1498729323,663902,send,"<0.62.0>","<0.63.0>",,,,,"{shell_cmd,<0.62.0>,
           {eval,[{call,1,{atom,1,exit},[{call,1,{atom,1,self},[]}]}]},
           cmd}","-1",
1498729323,664029,send,"<0.63.0>","<0.62.0>",,,,,"{ev_exit,{<0.63.0>,exit,
          {<0.63.0>,
           [{erl_eval,do_apply,6,[{file,""erl_eval.erl""},{line,674}]},
            {shell,exprs,7,[{file,""shell.erl""},{line,686}]},
            {shell,eval_exprs,7,[{file,""shell.erl""},{line,641}]},
            {shell,eval_loop,3,[{file,""shell.erl""},{line,626}]}]}}}","-1",
1498729323,664044,exit,"<0.63.0>",,,,,,"normal","-1",
1498729323,664076,send,"<0.62.0>","<0.60.0>",,,,,"{io_request,<0.62.0>,#Ref<0.0.2.51>,getopts}","-1",
1498729323,664123,send,"<0.62.0>",,,"code_server",,,"{code_call,<0.62.0>,{ensure_loaded,lib}}","-1",
1498729323,672243,send,"<0.62.0>","<0.60.0>",,,,,"{io_request,<0.62.0>,#Ref<0.0.2.52>,{get_geometry,columns}}","-1",
1498729323,672271,send,"<0.62.0>","<0.60.0>",,,,,"{io_request,<0.62.0>,#Ref<0.0.3.234>,getopts}","-1",
1498729323,672308,send,"<0.62.0>","<0.60.0>",,,,,"{io_request,<0.62.0>,#Ref<0.0.3.235>,
            {requests,[{put_chars,latin1,<<""** "">>},
                       {put_chars,unicode,<<""exception exit: <0.63.0>"">>},
                       {put_chars,unicode,""\n""}]}}","-1",
1498729323,672322,shell_output,,,,,,"** exception exit: <0.63.0>
",,"-1",
1498729323,672358,spawn,"<0.83.0>","<0.62.0>","erlang:apply/2",,,,,"-1",
1498729323,672366,link,"<0.83.0>","<0.62.0>",,,,,,"-1",
1498729323,672399,spawn,"<0.84.0>","<0.62.0>","erlang:apply/2",,,,,"-1",
1498729323,672401,link,"<0.84.0>","<0.62.0>",,,,,,"-1",
1498729323,672410,send,"<0.84.0>","<0.60.0>",,,,,"{io_request,<0.84.0>,#Ref<0.0.3.236>,
            {get_until,unicode,[""8"",62,32],erl_scan,tokens,[1,[]]}}","-1",
1498729323,672416,shell_input_expected,,,,,"8> ",,,"-1",
1498729332,960424,shell_input,,,,,"8> ","self().
",,"-1",
1498729332,960897,exit,"<0.84.0>",,,,,,"{ok,[{call,1,{atom,1,self},[]}]}","-1",
1498729332,960946,send,"<0.62.0>","<0.83.0>",,,,,"{shell_cmd,<0.62.0>,{eval,[{call,1,{atom,1,self},[]}]},cmd}","-1",
1498729332,961094,send,"<0.83.0>","<0.60.0>",,,,,"{io_request,<0.83.0>,#Ref<0.0.3.238>,{get_geometry,columns}}","-1",
1498729332,961129,send,"<0.83.0>","<0.60.0>",,,,,"{io_request,<0.83.0>,#Ref<0.0.3.239>,getopts}","-1",
1498729332,961164,send,"<0.83.0>","<0.60.0>",,,,,"{io_request,<0.83.0>,#Ref<0.0.3.240>,
            {requests,[{put_chars,unicode,<<""<0.83.0>"">>},
                       {put_chars,unicode,""\n""}]}}","-1",
1498729332,961189,shell_output,,,,,,"<0.83.0>
",,"-1",
1498729332,961211,send,"<0.83.0>","<0.62.0>",,,,,"{shell_rep,<0.83.0>,
           {value,<0.83.0>,
                  [{'F',#Fun<erl_eval.20.52032458>},
                   {'G',#Fun<erl_eval.6.52032458>}],
                  []}}","-1",
1498729332,961279,spawn,"<0.85.0>","<0.62.0>","erlang:apply/2",,,,,"-1",
1498729332,961283,link,"<0.85.0>","<0.62.0>",,,,,,"-1",
1498729332,961300,send,"<0.85.0>","<0.60.0>",,,,,"{io_request,<0.85.0>,#Ref<0.0.3.241>,
            {get_until,unicode,[""9"",62,32],erl_scan,tokens,[1,[]]}}","-1",
1498729332,961311,shell_input_expected,,,,,"9> ",,,"-1",
1498729374,721319,shell_input,,,,,"9> ","self() ! hello.
",,"-1",
1498729374,721640,exit,"<0.85.0>",,,,,,"{ok,[{op,1,'!',{call,1,{atom,1,self},[]},{atom,1,hello}}]}","-1",
1498729374,721804,send,"<0.62.0>","<0.83.0>",,,,,"{shell_cmd,<0.62.0>,
           {eval,[{op,1,'!',{call,1,{atom,1,self},[]},{atom,1,hello}}]},
           cmd}","-1",
1498729374,721971,send,"<0.83.0>","<0.83.0>",,,,,"hello","-1",
1498729374,721993,send,"<0.83.0>","<0.60.0>",,,,,"{io_request,<0.83.0>,#Ref<0.0.3.246>,{get_geometry,columns}}","-1",
1498729374,722054,send,"<0.83.0>","<0.60.0>",,,,,"{io_request,<0.83.0>,#Ref<0.0.3.247>,getopts}","-1",
1498729374,722267,send,"<0.83.0>","<0.60.0>",,,,,"{io_request,<0.83.0>,#Ref<0.0.3.249>,
            {requests,[{put_chars,unicode,<<""hello"">>},
                       {put_chars,unicode,""\n""}]}}","-1",
1498729374,722297,shell_output,,,,,,"hello
",,"-1",
1498729374,722430,send,"<0.83.0>","<0.62.0>",,,,,"{shell_rep,<0.83.0>,
           {value,hello,
                  [{'F',#Fun<erl_eval.20.52032458>},
                   {'G',#Fun<erl_eval.6.52032458>}],
                  []}}","-1",
1498729374,722551,spawn,"<0.86.0>","<0.62.0>","erlang:apply/2",,,,,"-1",
1498729374,722557,link,"<0.86.0>","<0.62.0>",,,,,,"-1",
1498729374,722605,send,"<0.86.0>","<0.60.0>",,,,,"{io_request,<0.86.0>,#Ref<0.0.3.251>,
            {get_until,unicode,[""10"",62,32],erl_scan,tokens,[1,[]]}}","-1",
1498729374,722642,shell_input_expected,,,,,"10> ",,,"-1",
1498729403,860,shell_input,,,,,"10> ","self() ! self() ! double.
",,"-1",
1498729403,1207,exit,"<0.86.0>",,,,,,"{ok,[{op,1,'!',
         {call,1,{atom,1,self},[]},
         {op,1,'!',{call,1,{atom,1,self},[]},{atom,1,double}}}]}","-1",
1498729403,1418,send,"<0.62.0>","<0.83.0>",,,,,"{shell_cmd,<0.62.0>,
           {eval,[{op,1,'!',
                      {call,1,{atom,1,self},[]},
                      {op,1,'!',{call,1,{atom,1,self},[]},{atom,1,double}}}]},
           cmd}","-1",
1498729403,1569,send,"<0.83.0>","<0.83.0>",,,,,"double","-1",
1498729403,1577,send,"<0.83.0>","<0.83.0>",,,,,"double","-1",
1498729403,1591,send,"<0.83.0>","<0.60.0>",,,,,"{io_request,<0.83.0>,#Ref<0.0.3.265>,{get_geometry,columns}}","-1",
1498729403,1641,send,"<0.83.0>","<0.60.0>",,,,,"{io_request,<0.83.0>,#Ref<0.0.3.266>,getopts}","-1",
1498729403,1883,send,"<0.83.0>","<0.60.0>",,,,,"{io_request,<0.83.0>,#Ref<0.0.3.268>,
            {requests,[{put_chars,unicode,<<""double"">>},
                       {put_chars,unicode,""\n""}]}}","-1",
1498729403,1898,shell_output,,,,,,"double
",,"-1",
1498729403,1920,send,"<0.83.0>","<0.62.0>",,,,,"{shell_rep,<0.83.0>,
           {value,double,
                  [{'F',#Fun<erl_eval.20.52032458>},
                   {'G',#Fun<erl_eval.6.52032458>}],
                  []}}","-1",
1498729403,2009,spawn,"<0.87.0>","<0.62.0>","erlang:apply/2",,,,,"-1",
1498729403,2013,link,"<0.87.0>","<0.62.0>",,,,,,"-1",
1498729403,2083,send,"<0.87.0>","<0.60.0>",,,,,"{io_request,<0.87.0>,#Ref<0.0.3.270>,
            {get_until,unicode,[""11"",62,32],erl_scan,tokens,[1,[]]}}","-1",
1498729403,2107,shell_input_expected,,,,,"11> ",,,"-1",
1498729415,705217,shell_input,,,,,"11> ","flush().
",,"-1",
1498729415,705457,exit,"<0.87.0>",,,,,,"{ok,[{call,1,{atom,1,flush},[]}]}","-1",
1498729415,705581,send,"<0.62.0>","<0.83.0>",,,,,"{shell_cmd,<0.62.0>,{eval,[{call,1,{atom,1,flush},[]}]},cmd}","-1",
1498729415,705726,send,"<0.83.0>",,,"code_server",,,"{code_call,<0.83.0>,{ensure_loaded,shell_default}}","-1",
1498729415,706868,send,"<0.83.0>","<0.60.0>",,,,,"{io_request,<0.83.0>,#Ref<0.0.2.76>,getopts}","-1",
1498729415,706889,send,"<0.83.0>","<0.60.0>",,,,,"{io_request,<0.83.0>,#Ref<0.0.2.77>,
            {put_chars,unicode,io_lib,format,[""Shell got ~tp~n"",[hello]]}}","-1",
1498729415,706895,shell_output,,,,,,"Shell got hello
",,"-1",
1498729415,706919,send,"<0.83.0>","<0.60.0>",,,,,"{io_request,<0.83.0>,#Ref<0.0.2.78>,getopts}","-1",
1498729415,706928,send,"<0.83.0>","<0.60.0>",,,,,"{io_request,<0.83.0>,#Ref<0.0.2.79>,
            {put_chars,unicode,io_lib,format,[""Shell got ~tp~n"",[double]]}}","-1",
1498729415,706933,shell_output,,,,,,"Shell got double
",,"-1",
1498729415,706959,send,"<0.83.0>","<0.60.0>",,,,,"{io_request,<0.83.0>,#Ref<0.0.2.80>,getopts}","-1",
1498729415,706969,send,"<0.83.0>","<0.60.0>",,,,,"{io_request,<0.83.0>,#Ref<0.0.2.81>,
            {put_chars,unicode,io_lib,format,[""Shell got ~tp~n"",[double]]}}","-1",
1498729415,706975,shell_output,,,,,,"Shell got double
",,"-1",
1498729415,706996,send,"<0.83.0>","<0.60.0>",,,,,"{io_request,<0.83.0>,#Ref<0.0.2.82>,{get_geometry,columns}}","-1",
1498729415,707007,send,"<0.83.0>","<0.60.0>",,,,,"{io_request,<0.83.0>,#Ref<0.0.2.83>,getopts}","-1",
1498729415,707028,send,"<0.83.0>","<0.60.0>",,,,,"{io_request,<0.83.0>,#Ref<0.0.2.84>,
            {requests,[{put_chars,unicode,<<""ok"">>},
                       {put_chars,unicode,""\n""}]}}","-1",
1498729415,707034,shell_output,,,,,,"ok
",,"-1",
1498729415,707043,send,"<0.83.0>","<0.62.0>",,,,,"{shell_rep,<0.83.0>,
           {value,ok,
                  [{'F',#Fun<erl_eval.20.52032458>},
                   {'G',#Fun<erl_eval.6.52032458>}],
                  []}}","-1",
1498729415,707089,spawn,"<0.88.0>","<0.62.0>","erlang:apply/2",,,,,"-1",
1498729415,707092,link,"<0.88.0>","<0.62.0>",,,,,,"-1",
1498729415,707098,send,"<0.88.0>","<0.60.0>",,,,,"{io_request,<0.88.0>,#Ref<0.0.2.85>,
            {get_until,unicode,[""12"",62,32],erl_scan,tokens,[1,[]]}}","-1",
1498729415,707103,shell_input_expected,,,,,"12> ",,,"-1",
1498729629,760814,module_stored,,,,"dolphins",,,,"865","1B6B7932C1B986D2A00B1C736ABEDB75"
1498729709,772617,shell_input,,,,,"12> ","c(dolphins).
",,"-1",
1498729709,772952,exit,"<0.88.0>",,,,,,"{ok,[{call,1,{atom,1,c},[{atom,1,dolphins}]}]}","-1",
1498729709,773093,send,"<0.62.0>","<0.83.0>",,,,,"{shell_cmd,<0.62.0>,{eval,[{call,1,{atom,1,c},[{atom,1,dolphins}]}]},cmd}","-1",
1498729709,773251,send,"<0.83.0>",,,"code_server",,,"{code_call,<0.83.0>,{ensure_loaded,shell_default}}","-1",
1498729709,773292,send,"<0.83.0>",,,"code_server",,,"{code_call,<0.83.0>,{ensure_loaded,compile}}","-1",
1498729709,783596,spawn,"<0.90.0>","<0.83.0>","erlang:apply/2",,,,,"-1",
1498729709,783714,send,"<0.90.0>","<0.45.0>",,,,,"{'$gen_call',{<0.90.0>,#Ref<0.0.2.95>},{delete,""dolphins.beam""}}","-1",
1498729709,783843,spawn,"<0.91.0>","<0.90.0>","erlang:apply/2",,,,,"-1",
1498729709,783861,send,"<0.91.0>","<0.45.0>",,,,,"{'$gen_call',{<0.91.0>,#Ref<0.0.1.2>},{open,""dolphins.erl"",[read]}}","-1",
1498729709,783958,send,"<0.91.0>","<0.92.0>",,,,,"{file_request,<0.91.0>,#Ref<0.0.1.6>,{position,cur}}","-1",
1498729709,784022,send,"<0.91.0>","<0.92.0>",,,,,"{io_request,<0.91.0>,#Ref<0.0.1.7>,getopts}","-1",
1498729709,784035,send,"<0.91.0>","<0.92.0>",,,,,"{io_request,<0.91.0>,#Ref<0.0.1.8>,{setopts,[binary,{encoding,latin1}]}}","-1",
1498729709,784048,send,"<0.91.0>","<0.92.0>",,,,,"{io_request,<0.91.0>,#Ref<0.0.1.9>,{get_chars,'',32}}","-1",
1498729709,784090,send,"<0.91.0>","<0.92.0>",,,,,"{io_request,<0.91.0>,#Ref<0.0.1.10>,{get_chars,'',32}}","-1",
1498729709,784111,send,"<0.91.0>","<0.92.0>",,,,,"{file_request,<0.91.0>,#Ref<0.0.1.11>,{position,0}}","-1",
1498729709,784135,send,"<0.91.0>","<0.92.0>",,,,,"{io_request,<0.91.0>,#Ref<0.0.1.12>,
            {setopts,[{binary,false},{encoding,latin1}]}}","-1",
1498729709,784146,send,"<0.91.0>","<0.92.0>",,,,,"{io_request,<0.91.0>,#Ref<0.0.1.13>,{setopts,[{encoding,utf8}]}}","-1",
1498729709,784157,send,"<0.91.0>","<0.90.0>",,,,,"{epp_reply,<0.91.0>,{ok,<0.91.0>,none}}","-1",
1498729709,784169,send,"<0.90.0>","<0.91.0>",,,,,"{epp_request,<0.90.0>,scan_erl_form}","-1",
1498729709,784178,send,"<0.91.0>","<0.90.0>",,,,,"{epp_reply,<0.91.0>,
           {ok,[{'-',1},
                {atom,1,file},
                {'(',1},
                {string,1,""dolphins.erl""},
                {',',1},
                {integer,1,1},
                {')',1},
                {dot,1}]}}","-1",
1498729709,784223,send,"<0.90.0>","<0.91.0>",,,,,"{epp_request,<0.90.0>,scan_erl_form}","-1",
1498729709,784237,send,"<0.91.0>","<0.92.0>",,,,,"{io_request,<0.91.0>,#Ref<0.0.1.16>,
            {get_until,unicode,'',erl_scan,tokens,[1,[]]}}","-1",
1498729709,784301,send,"<0.91.0>","<0.90.0>",,,,,"{epp_reply,<0.91.0>,
           {ok,[{'-',1},
                {atom,1,module},
                {'(',1},
                {atom,1,dolphins},
                {')',1},
                {dot,1}]}}","-1",
1498729709,784319,send,"<0.90.0>","<0.91.0>",,,,,"{epp_request,<0.90.0>,scan_erl_form}","-1",
1498729709,784326,send,"<0.91.0>","<0.92.0>",,,,,"{io_request,<0.91.0>,#Ref<0.0.1.18>,
            {get_until,unicode,'',erl_scan,tokens,[2,[]]}}","-1",
1498729709,784363,send,"<0.91.0>","<0.90.0>",,,,,"{epp_reply,<0.91.0>,
           {ok,[{'-',2},
                {atom,2,compile},
                {'(',2},
                {atom,2,export_all},
                {')',2},
                {dot,2}]}}","-1",
1498729709,784379,send,"<0.90.0>","<0.91.0>",,,,,"{epp_request,<0.90.0>,scan_erl_form}","-1",
1498729709,784385,send,"<0.91.0>","<0.92.0>",,,,,"{io_request,<0.91.0>,#Ref<0.0.1.20>,
            {get_until,unicode,'',erl_scan,tokens,[3,[]]}}","-1",
1498729709,784549,send,"<0.91.0>","<0.90.0>",,,,,"{epp_reply,<0.91.0>,
           {ok,[{atom,4,dolphin1},
                {'(',4},
                {')',4},
                {'->',4},
                {'receive',5},
                {atom,6,do_a_flip},
                {'->',6},
                {atom,7,io},
                {':',7},
                {atom,7,format},
                {'(',7},
                {string,7,""How about no?~n""},
                {')',7},
                {';',7},
                {atom,8,fish},
                {'->',8},
                {atom,9,io},
                {':',9},
                {atom,9,format},
                {'(',9},
                {string,9,""So long and thanks for all the fish!~n""},
                {')',9},
                {';',9},
                {var,10,'_'},
                {'->',10},
                {atom,11,io},
                {':',11},
                {atom,11,format},
                {'(',11},
                {string,11,""Heh, we're smarter than you humans.~n""},
                {')',11},
                {'end',12},
                {dot,12}]}}","-1",
1498729709,784612,send,"<0.90.0>","<0.91.0>",,,,,"{epp_request,<0.90.0>,scan_erl_form}","-1",
1498729709,784624,send,"<0.91.0>","<0.92.0>",,,,,"{io_request,<0.91.0>,#Ref<0.0.1.22>,
            {get_until,unicode,'',erl_scan,tokens,[13,[]]}}","-1",
1498729709,784760,send,"<0.91.0>","<0.90.0>",,,,,"{epp_reply,<0.91.0>,
           {ok,[{atom,14,dolphin2},
                {'(',14},
                {')',14},
                {'->',14},
                {'receive',15},
                {'{',16},
                {var,16,'From'},
                {',',16},
                {atom,16,do_a_flip},
                {'}',16},
                {'->',16},
                {var,17,'From'},
                {'!',17},
                {string,17,""How about no?""},
                {';',17},
                {'{',18},
                {var,18,'From'},
                {',',18},
                {atom,18,fish},
                {'}',18},
                {'->',18},
                {var,19,'From'},
                {'!',19},
                {string,19,""So long and thanks for all the fish!""},
                {';',19},
                {var,20,'_'},
                {'->',20},
                {atom,21,io},
                {':',21},
                {atom,21,format},
                {'(',21},
                {string,21,""Heh, we're smarter than you humans.~n""},
                {')',21},
                {'end',22},
                {dot,22}]}}","-1",
1498729709,784840,send,"<0.90.0>","<0.91.0>",,,,,"{epp_request,<0.90.0>,scan_erl_form}","-1",
1498729709,784851,send,"<0.91.0>","<0.92.0>",,,,,"{io_request,<0.91.0>,#Ref<0.0.2.105>,
            {get_until,unicode,'',erl_scan,tokens,[23,[]]}}","-1",
1498729709,785006,send,"<0.91.0>","<0.90.0>",,,,,"{epp_reply,<0.91.0>,
           {ok,[{atom,24,dolphin3},
                {'(',24},
                {')',24},
                {'->',24},
                {'receive',25},
                {'{',26},
                {var,26,'From'},
                {',',26},
                {atom,26,do_a_flip},
                {'}',26},
                {'->',26},
                {var,27,'From'},
                {'!',27},
                {string,27,""How about no?""},
                {',',27},
                {atom,28,dolphin3},
                {'(',28},
                {')',28},
                {';',28},
                {'{',29},
                {var,29,'From'},
                {',',29},
                {atom,29,fish},
                {'}',29},
                {'->',29},
                {var,30,'From'},
                {'!',30},
                {string,30,""So long and thanks for all the fish!""},
                {';',30},
                {var,31,'_'},
                {'->',31},
                {atom,32,io},
                {':',32},
                {atom,32,format},
                {'(',32},
                {string,32,""Heh, we're smarter than you humans.~n""},
                {')',32},
                {',',32},
                {atom,33,dolphin3},
                {'(',33},
                {')',33},
                {'end',34},
                {dot,34}]}}","-1",
1498729709,785105,send,"<0.90.0>","<0.91.0>",,,,,"{epp_request,<0.90.0>,scan_erl_form}","-1",
1498729709,785117,send,"<0.91.0>","<0.92.0>",,,,,"{io_request,<0.91.0>,#Ref<0.0.2.107>,
            {get_until,unicode,'',erl_scan,tokens,[35,[]]}}","-1",
1498729709,785149,send,"<0.91.0>","<0.90.0>",,,,,"{epp_reply,<0.91.0>,{eof,35}}","-1",
1498729709,785155,send,"<0.90.0>","<0.91.0>",,,,,"{epp_request,<0.90.0>,close}","-1",
1498729709,785161,send,"<0.91.0>","<0.92.0>",,,,,"{file_request,<0.91.0>,#Ref<0.0.2.110>,close}","-1",
1498729709,785200,send,"<0.91.0>","<0.90.0>",,,,,"{epp_reply,<0.91.0>,ok}","-1",
1498729709,785204,exit,"<0.91.0>",,,,,,"normal","-1",
1498729709,785390,send,"<0.90.0>",,,"code_server",,,"{code_call,<0.90.0>,{ensure_loaded,sofs}}","-1",
1498729709,790614,send,"<0.90.0>",,,"code_server",,,"{code_call,<0.90.0>,{ensure_loaded,sys_pre_expand}}","-1",
1498729709,793557,send,"<0.90.0>",,,"code_server",,,"{code_call,<0.90.0>,{ensure_loaded,erl_expand_records}}","-1",
1498729709,795543,send,"<0.90.0>",,,"code_server",,,"{code_call,<0.90.0>,{ensure_loaded,v3_core}}","-1",
1498729709,804704,send,"<0.90.0>",,,"code_server",,,"{code_call,<0.90.0>,{ensure_loaded,cerl}}","-1",
1498729709,809897,send,"<0.90.0>",,,"code_server",,,"{code_call,<0.90.0>,{ensure_loaded,core_lib}}","-1",
1498729709,812899,send,"<0.90.0>",,,"code_server",,,"{code_call,<0.90.0>,{ensure_loaded,sys_core_fold}}","-1",
1498729709,819273,send,"<0.90.0>",,,"code_server",,,"{code_call,<0.90.0>,{ensure_loaded,cerl_sets}}","-1",
1498729709,821374,send,"<0.90.0>",,,"code_server",,,"{code_call,<0.90.0>,{ensure_loaded,erl_bifs}}","-1",
1498729709,823352,send,"<0.90.0>",,,"code_server",,,"{code_call,<0.90.0>,{ensure_loaded,cerl_clauses}}","-1",
1498729709,825684,send,"<0.90.0>",,,"code_server",,,"{code_call,<0.90.0>,{ensure_loaded,sys_core_dsetel}}","-1",
1498729709,828606,send,"<0.90.0>",,,"code_server",,,"{code_call,<0.90.0>,{ensure_loaded,v3_kernel}}","-1",
1498729709,834799,send,"<0.90.0>",,,"code_server",,,"{code_call,<0.90.0>,{ensure_loaded,v3_life}}","-1",
1498729709,838588,send,"<0.90.0>",,,"code_server",,,"{code_call,<0.90.0>,{ensure_loaded,v3_codegen}}","-1",
1498729709,850275,send,"<0.90.0>",,,"code_server",,,"{code_call,<0.90.0>,{ensure_loaded,beam_a}}","-1",
1498729709,852539,send,"<0.90.0>",,,"code_server",,,"{code_call,<0.90.0>,{ensure_loaded,beam_jump}}","-1",
1498729709,855437,send,"<0.90.0>",,,"code_server",,,"{code_call,<0.90.0>,{ensure_loaded,beam_reorder}}","-1",
1498729709,858153,send,"<0.90.0>",,,"code_server",,,"{code_call,<0.90.0>,{ensure_loaded,beam_utils}}","-1",
1498729709,861256,send,"<0.90.0>",,,"code_server",,,"{code_call,<0.90.0>,{ensure_loaded,beam_block}}","-1",
1498729709,864047,send,"<0.90.0>",,,"code_server",,,"{code_call,<0.90.0>,{ensure_loaded,beam_except}}","-1",
1498729709,866331,send,"<0.90.0>",,,"code_server",,,"{code_call,<0.90.0>,{ensure_loaded,beam_bs}}","-1",
1498729709,868590,send,"<0.90.0>",,,"code_server",,,"{code_call,<0.90.0>,{ensure_loaded,beam_clean}}","-1",
1498729709,871395,send,"<0.90.0>",,,"code_server",,,"{code_call,<0.90.0>,{ensure_loaded,beam_bool}}","-1",
1498729709,877215,send,"<0.90.0>",,,"code_server",,,"{code_call,<0.90.0>,{ensure_loaded,beam_type}}","-1",
1498729709,883488,send,"<0.90.0>",,,"code_server",,,"{code_call,<0.90.0>,{ensure_loaded,beam_split}}","-1",
1498729709,886085,send,"<0.90.0>",,,"code_server",,,"{code_call,<0.90.0>,{ensure_loaded,beam_dead}}","-1",
1498729709,889132,send,"<0.90.0>",,,"code_server",,,"{code_call,<0.90.0>,{ensure_loaded,beam_peep}}","-1",
1498729709,891260,send,"<0.90.0>",,,"code_server",,,"{code_call,<0.90.0>,{ensure_loaded,beam_bsm}}","-1",
1498729709,894123,send,"<0.90.0>",,,"code_server",,,"{code_call,<0.90.0>,{ensure_loaded,beam_receive}}","-1",
1498729709,896584,send,"<0.90.0>",,,"code_server",,,"{code_call,<0.90.0>,{ensure_loaded,beam_trim}}","-1",
1498729709,899312,send,"<0.90.0>",,,"code_server",,,"{code_call,<0.90.0>,{ensure_loaded,beam_flatten}}","-1",
1498729709,901471,send,"<0.90.0>",,,"code_server",,,"{code_call,<0.90.0>,{ensure_loaded,beam_z}}","-1",
1498729709,903624,send,"<0.90.0>",,,"code_server",,,"{code_call,<0.90.0>,{ensure_loaded,beam_validator}}","-1",
1498729709,910401,send,"<0.90.0>","<0.45.0>",,,,,"{'$gen_call',{<0.90.0>,#Ref<0.0.2.128>},{get_cwd}}","-1",
1498729709,910460,send,"<0.90.0>",,,"code_server",,,"{code_call,<0.90.0>,{ensure_loaded,beam_asm}}","-1",
1498729709,913743,send,"<0.90.0>",,,"code_server",,,"{code_call,<0.90.0>,{ensure_loaded,beam_dict}}","-1",
1498729709,916696,send,"<0.90.0>",,,"code_server",,,"{code_call,<0.90.0>,{ensure_loaded,beam_opcodes}}","-1",
1498729709,919988,send,"<0.90.0>","<0.45.0>",,,,,"{'$gen_call',{<0.90.0>,#Ref<0.0.2.130>},{open,""dolphins.bea#"",[binary,write]}}","-1",
1498729709,920093,send,"<0.90.0>","<0.93.0>",,,,,"{io_request,<0.90.0>,#Ref<0.0.2.134>,
            {put_chars,latin1,
                       <<70,79,82,49,0,0,3,252,66,69,65,77,65,116,111,109,0,
                         0,0,100,0,0,0,11,8,100,111,108,112,104,105,110,115,
                         8,100,111,108,112,104,105,110,49,4,102,105,115,104,
                         9,100,111,95,97,95,102,108,105,112,2,105,111,6,102,
                         111,114,109,97,116,8,100,111,108,112,104,105,110,50,
                         8,100,111,108,112,104,105,110,51,11,109,111,100,117,
                         108,101,95,105,110,102,111,6,101,114,108,97,110,103,
                         15,103,101,116,95,109,111,100,117,108,101,95,105,
                         110,102,111,67,111,100,101,0,0,1,89,0,0,0,16,0,0,0,
                         0,0,0,0,153,0,0,0,26,0,0,0,5,1,16,153,16,2,18,34,0,
                         1,32,153,32,1,48,23,117,3,48,101,3,59,3,101,23,64,
                         50,69,66,85,1,64,21,64,71,0,3,153,48,78,16,0,1,80,
                         21,64,71,16,3,153,64,78,16,0,1,96,21,64,71,32,3,153,
                         80,78,16,0,1,112,25,53,1,128,153,96,2,18,114,0,1,
                         144,12,0,0,153,112,1,160,23,229,3,57,213,3,58,213,3,
                         32,66,3,0,19,66,3,16,35,48,213,35,59,35,213,23,64,
                         50,181,66,197,1,176,21,64,19,3,64,71,48,19,153,128,
                         20,18,0,19,1,192,21,64,19,3,64,71,64,19,153,144,20,
                         18,0,19,1,208,21,64,71,32,3,153,160,8,16,0,0,1,224,
                         25,165,1,240,153,176,2,18,130,0,1,8,16,12,0,0,153,
                         192,1,8,17,23,13,21,3,57,13,20,3,58,13,20,3,32,66,3,
                         0,19,66,3,16,35,48,13,20,35,59,35,13,20,23,64,50,13,
                         18,66,13,19,1,8,18,21,64,19,3,64,71,48,19,153,208,
                         20,18,0,19,1,8,19,21,64,19,3,64,71,64,19,153,224,20,
                         5,0,13,16,0,1,8,20,21,64,71,32,3,153,240,7,16,0,5,0,
                         13,16,0,1,8,21,25,13,17,1,8,22,153,0,2,18,146,0,1,8,
                         23,64,18,3,153,0,78,16,16,1,8,24,153,0,2,18,146,16,
                         1,8,25,64,3,19,64,18,3,153,0,78,32,32,3,0,0,0,83,
                         116,114,84,0,0,0,0,73,109,112,84,0,0,0,40,0,0,0,3,0,
                         0,0,5,0,0,0,6,0,0,0,1,0,0,0,10,0,0,0,11,0,0,0,1,0,0,
                         0,10,0,0,0,11,0,0,0,2,69,120,112,84,0,0,0,64,0,0,0,
                         5,0,0,0,9,0,0,0,1,0,0,0,25,0,0,0,9,0,0,0,0,0,0,0,23,
                         0,0,0,8,0,0,0,0,0,0,0,16,0,0,0,7,0,0,0,0,0,0,0,9,0,
                         0,0,2,0,0,0,0,0,0,0,2,76,105,116,84,0,0,0,133,0,0,0,
                         183,120,156,141,205,189,10,194,64,16,4,224,109,44,
                         37,136,47,48,66,252,37,248,10,182,233,125,130,21,47,
                         158,228,178,11,247,67,176,177,241,197,93,174,179,
                         179,156,225,99,134,136,22,68,116,250,140,180,187,42,
                         130,202,3,44,119,100,207,50,38,12,26,193,33,88,116,
                         24,158,201,111,222,98,122,109,186,233,117,6,223,180,
                         100,136,94,106,125,180,122,219,59,223,97,118,251,
                         232,144,38,142,217,197,186,133,151,22,248,50,177,
                         164,115,197,7,195,237,63,143,102,87,102,151,63,127,
                         95,79,176,55,147,0,0,0,76,111,99,84,0,0,0,4,0,0,0,0,
                         65,116,116,114,0,0,0,40,131,108,0,0,0,1,104,2,100,0,
                         3,118,115,110,108,0,0,0,1,110,16,0,188,92,216,138,
                         246,6,90,250,113,227,12,134,220,17,108,26,106,106,
                         67,73,110,102,0,0,0,150,131,108,0,0,0,3,104,2,100,0,
                         7,111,112,116,105,111,110,115,106,104,2,100,0,7,118,
                         101,114,115,105,111,110,107,0,5,55,46,48,46,49,104,
                         2,100,0,6,115,111,117,114,99,101,107,0,96,47,104,
                         111,109,101,47,118,103,47,119,111,114,107,47,101,
                         115,112,97,99,101,47,101,115,112,97,99,101,47,112,
                         114,105,118,47,115,99,101,110,97,114,105,111,115,47,
                         50,48,49,55,45,48,54,45,50,57,47,49,50,45,51,56,45,
                         49,56,45,57,57,65,57,66,65,70,50,57,52,57,67,48,70,
                         69,48,51,68,65,65,47,100,111,108,112,104,105,110,
                         115,46,101,114,108,106,0,0,65,98,115,116,0,0,0,0,76,
                         105,110,101,0,0,0,43,0,0,0,0,0,0,0,0,0,0,0,19,0,0,0,
                         15,0,0,0,0,65,81,145,113,177,225,241,9,19,9,17,9,21,
                         9,24,9,25,9,30,9,27,9,32,0>>}}","-1",
1498729709,920484,send,"<0.90.0>","<0.93.0>",,,,,"{file_request,<0.90.0>,#Ref<0.0.2.135>,close}","-1",
1498729709,920520,send,"<0.90.0>","<0.45.0>",,,,,"{'$gen_call',{<0.90.0>,#Ref<0.0.2.136>},
             {rename,""dolphins.bea#"",""dolphins.beam""}}","-1",
1498729709,920626,exit,"<0.90.0>",,,,,,"{ok,dolphins}","-1",
1498729709,920675,send,"<0.83.0>",,,"code_server",,,"{code_call,<0.83.0>,{purge,dolphins}}","-1",
1498729709,920696,send,"<0.83.0>",,,"code_server",,,"{code_call,<0.83.0>,{load_abs,""./dolphins"",dolphins}}","-1",
1498729709,921115,send,"<0.83.0>","<0.60.0>",,,,,"{io_request,<0.83.0>,#Ref<0.0.2.138>,{get_geometry,columns}}","-1",
1498729709,921132,send,"<0.83.0>","<0.60.0>",,,,,"{io_request,<0.83.0>,#Ref<0.0.1.72>,getopts}","-1",
1498729709,921161,send,"<0.83.0>","<0.60.0>",,,,,"{io_request,<0.83.0>,#Ref<0.0.2.139>,
            {requests,[{put_chars,unicode,<<""{ok,dolphins}"">>},
                       {put_chars,unicode,""\n""}]}}","-1",
1498729709,921166,shell_output,,,,,,"{ok,dolphins}
",,"-1",
1498729709,921174,send,"<0.83.0>","<0.62.0>",,,,,"{shell_rep,<0.83.0>,
           {value,{ok,dolphins},
                  [{'F',#Fun<erl_eval.20.52032458>},
                   {'G',#Fun<erl_eval.6.52032458>}],
                  []}}","-1",
1498729709,921202,spawn,"<0.94.0>","<0.62.0>","erlang:apply/2",,,,,"-1",
1498729709,921207,link,"<0.94.0>","<0.62.0>",,,,,,"-1",
1498729709,921215,send,"<0.94.0>","<0.60.0>",,,,,"{io_request,<0.94.0>,#Ref<0.0.2.140>,
            {get_until,unicode,[""13"",62,32],erl_scan,tokens,[1,[]]}}","-1",
1498729709,921225,shell_input_expected,,,,,"13> ",,,"-1",
1498729741,37253,shell_input,,,,,"13> ","Dolphin = spawn(dolphins, dolphin1, []).
",,"-1",
1498729741,37535,exit,"<0.94.0>",,,,,,"{ok,[{match,1,
            {var,1,'Dolphin'},
            {call,1,
                  {atom,1,spawn},
                  [{atom,1,dolphins},{atom,1,dolphin1},{nil,1}]}}]}","-1",
1498729741,37567,send,"<0.62.0>","<0.83.0>",,,,,"{shell_cmd,<0.62.0>,
           {eval,[{match,1,
                         {var,1,'Dolphin'},
                         {call,1,
                               {atom,1,spawn},
                               [{atom,1,dolphins},
                                {atom,1,dolphin1},
                                {nil,1}]}}]},
           cmd}","-1",
1498729741,37661,spawn,"<0.95.0>","<0.83.0>","dolphins:dolphin1/0",,,,,"-1",
1498729741,37674,send,"<0.83.0>","<0.60.0>",,,,,"{io_request,<0.83.0>,#Ref<0.0.2.141>,{get_geometry,columns}}","-1",
1498729741,37700,send,"<0.83.0>","<0.60.0>",,,,,"{io_request,<0.83.0>,#Ref<0.0.3.311>,getopts}","-1",
1498729741,37740,send,"<0.83.0>","<0.60.0>",,,,,"{io_request,<0.83.0>,#Ref<0.0.3.312>,
            {requests,[{put_chars,unicode,<<""<0.95.0>"">>},
                       {put_chars,unicode,""\n""}]}}","-1",
1498729741,37748,shell_output,,,,,,"<0.95.0>
",,"-1",
1498729741,37764,send,"<0.83.0>","<0.62.0>",,,,,"{shell_rep,<0.83.0>,
           {value,<0.95.0>,
                  [{'Dolphin',<0.95.0>},
                   {'F',#Fun<erl_eval.20.52032458>},
                   {'G',#Fun<erl_eval.6.52032458>}],
                  []}}","-1",
1498729741,37920,spawn,"<0.96.0>","<0.62.0>","erlang:apply/2",,,,,"-1",
1498729741,37923,link,"<0.96.0>","<0.62.0>",,,,,,"-1",
1498729741,37935,send,"<0.96.0>","<0.60.0>",,,,,"{io_request,<0.96.0>,#Ref<0.0.3.313>,
            {get_until,unicode,[""14"",62,32],erl_scan,tokens,[1,[]]}}","-1",
1498729741,37941,shell_input_expected,,,,,"14> ",,,"-1",
1498729928,183008,shell_input,,,,,"14> ","Dolphin ! ""oh, hello dolphin!"".
",,"-1",
1498729928,183370,exit,"<0.96.0>",,,,,,"{ok,[{op,1,'!',{var,1,'Dolphin'},{string,1,""oh, hello dolphin!""}}]}","-1",
1498729928,183424,send,"<0.62.0>","<0.83.0>",,,,,"{shell_cmd,<0.62.0>,
           {eval,[{op,1,'!',
                      {var,1,'Dolphin'},
                      {string,1,""oh, hello dolphin!""}}]},
           cmd}","-1",
1498729928,183595,send,"<0.83.0>","<0.95.0>",,,,,"""oh, hello dolphin!""","-1",
1498729928,183630,send,"<0.83.0>","<0.60.0>",,,,,"{io_request,<0.83.0>,#Ref<0.0.3.317>,{get_geometry,columns}}","-1",
1498729928,183645,send,"<0.95.0>","<0.60.0>",,,,,"{io_request,<0.95.0>,#Ref<0.0.2.142>,
            {put_chars,unicode,io_lib,format,
                       [""Heh, we're smarter than you humans.~n"",[]]}}","-1",
1498729928,183657,send,"<0.83.0>","<0.60.0>",,,,,"{io_request,<0.83.0>,#Ref<0.0.3.318>,getopts}","-1",
1498729928,183691,shell_output,,,,,,"Heh, we're smarter than you humans.
",,"-1",
1498729928,183744,exit,"<0.95.0>",,,,,,"normal","-1",
1498729928,183808,send,"<0.83.0>","<0.60.0>",,,,,"{io_request,<0.83.0>,#Ref<0.0.3.319>,
            {requests,[{put_chars,unicode,<<""\""oh, hello dolphin!\"""">>},
                       {put_chars,unicode,""\n""}]}}","-1",
1498729928,183868,shell_output,,,,,,"""oh, hello dolphin!""
",,"-1",
1498729928,183894,send,"<0.83.0>","<0.62.0>",,,,,"{shell_rep,<0.83.0>,
           {value,""oh, hello dolphin!"",
                  [{'Dolphin',<0.95.0>},
                   {'F',#Fun<erl_eval.20.52032458>},
                   {'G',#Fun<erl_eval.6.52032458>}],
                  []}}","-1",
1498729928,183986,spawn,"<0.97.0>","<0.62.0>","erlang:apply/2",,,,,"-1",
1498729928,183994,link,"<0.97.0>","<0.62.0>",,,,,,"-1",
1498729928,184019,send,"<0.97.0>","<0.60.0>",,,,,"{io_request,<0.97.0>,#Ref<0.0.3.320>,
            {get_until,unicode,[""15"",62,32],erl_scan,tokens,[1,[]]}}","-1",
1498729928,184034,shell_input_expected,,,,,"15> ",,,"-1",
1498730070,7097,shell_input,,,,,"15> ","Dolphin ! fish.
",,"-1",
1498730070,7393,exit,"<0.97.0>",,,,,,"{ok,[{op,1,'!',{var,1,'Dolphin'},{atom,1,fish}}]}","-1",
1498730070,7428,send,"<0.62.0>","<0.83.0>",,,,,"{shell_cmd,<0.62.0>,{eval,[{op,1,'!',{var,1,'Dolphin'},{atom,1,fish}}]},cmd}","-1",
1498730070,7540,send_to_dead,"<0.83.0>","<0.95.0>",,,,,"fish","-1",
1498730070,7557,send,"<0.83.0>","<0.60.0>",,,,,"{io_request,<0.83.0>,#Ref<0.0.3.322>,{get_geometry,columns}}","-1",
1498730070,7600,send,"<0.83.0>","<0.60.0>",,,,,"{io_request,<0.83.0>,#Ref<0.0.1.120>,getopts}","-1",
1498730070,7637,send,"<0.83.0>","<0.60.0>",,,,,"{io_request,<0.83.0>,#Ref<0.0.1.121>,
            {requests,[{put_chars,unicode,<<""fish"">>},
                       {put_chars,unicode,""\n""}]}}","-1",
1498730070,7648,shell_output,,,,,,"fish
",,"-1",
1498730070,7680,send,"<0.83.0>","<0.62.0>",,,,,"{shell_rep,<0.83.0>,
           {value,fish,
                  [{'Dolphin',<0.95.0>},
                   {'F',#Fun<erl_eval.20.52032458>},
                   {'G',#Fun<erl_eval.6.52032458>}],
                  []}}","-1",
1498730070,7778,spawn,"<0.98.0>","<0.62.0>","erlang:apply/2",,,,,"-1",
1498730070,7786,link,"<0.98.0>","<0.62.0>",,,,,,"-1",
1498730070,7809,send,"<0.98.0>","<0.60.0>",,,,,"{io_request,<0.98.0>,#Ref<0.0.1.122>,
            {get_until,unicode,[""16"",62,32],erl_scan,tokens,[1,[]]}}","-1",
1498730070,7821,shell_input_expected,,,,,"16> ",,,"-1",
1498730107,566907,shell_input,,,,,"16> ","f(Dolphin).
",,"-1",
1498730107,567218,exit,"<0.98.0>",,,,,,"{ok,[{call,1,{atom,1,f},[{var,1,'Dolphin'}]}]}","-1",
1498730107,567375,send,"<0.62.0>","<0.83.0>",,,,,"{shell_cmd,<0.62.0>,{eval,[{call,1,{atom,1,f},[{var,1,'Dolphin'}]}]},cmd}","-1",
1498730107,567514,send,"<0.83.0>","<0.60.0>",,,,,"{io_request,<0.83.0>,#Ref<0.0.1.127>,{get_geometry,columns}}","-1",
1498730107,567540,send,"<0.83.0>","<0.60.0>",,,,,"{io_request,<0.83.0>,#Ref<0.0.1.128>,getopts}","-1",
1498730107,567585,send,"<0.83.0>","<0.60.0>",,,,,"{io_request,<0.83.0>,#Ref<0.0.1.129>,
            {requests,[{put_chars,unicode,<<""ok"">>},
                       {put_chars,unicode,""\n""}]}}","-1",
1498730107,567599,shell_output,,,,,,"ok
",,"-1",
1498730107,567625,send,"<0.83.0>","<0.62.0>",,,,,"{shell_rep,<0.83.0>,
           {value,ok,
                  [{'F',#Fun<erl_eval.20.52032458>},
                   {'G',#Fun<erl_eval.6.52032458>}],
                  []}}","-1",
1498730107,567720,spawn,"<0.99.0>","<0.62.0>","erlang:apply/2",,,,,"-1",
1498730107,567725,link,"<0.99.0>","<0.62.0>",,,,,,"-1",
1498730107,567860,send,"<0.99.0>","<0.60.0>",,,,,"{io_request,<0.99.0>,#Ref<0.0.1.131>,
            {get_until,unicode,[""17"",62,32],erl_scan,tokens,[1,[]]}}","-1",
1498730107,567900,shell_input_expected,,,,,"17> ",,,"-1",
1498730582,366190,shell_input,,,,,"17> ","Dolphin = spawn(dolphins, dolphin1, []).
",,"-1",
1498730582,366505,exit,"<0.99.0>",,,,,,"{ok,[{match,1,
            {var,1,'Dolphin'},
            {call,1,
                  {atom,1,spawn},
                  [{atom,1,dolphins},{atom,1,dolphin1},{nil,1}]}}]}","-1",
1498730582,366739,send,"<0.62.0>","<0.83.0>",,,,,"{shell_cmd,<0.62.0>,
           {eval,[{match,1,
                         {var,1,'Dolphin'},
                         {call,1,
                               {atom,1,spawn},
                               [{atom,1,dolphins},
                                {atom,1,dolphin1},
                                {nil,1}]}}]},
           cmd}","-1",
1498730582,366900,spawn,"<0.100.0>","<0.83.0>","dolphins:dolphin1/0",,,,,"-1",
1498730582,366923,send,"<0.83.0>","<0.60.0>",,,,,"{io_request,<0.83.0>,#Ref<0.0.1.145>,{get_geometry,columns}}","-1",
1498730582,366947,send,"<0.83.0>","<0.60.0>",,,,,"{io_request,<0.83.0>,#Ref<0.0.1.146>,getopts}","-1",
1498730582,366989,send,"<0.83.0>","<0.60.0>",,,,,"{io_request,<0.83.0>,#Ref<0.0.1.147>,
            {requests,[{put_chars,unicode,<<""<0.100.0>"">>},
                       {put_chars,unicode,""\n""}]}}","-1",
1498730582,367002,shell_output,,,,,,"<0.100.0>
",,"-1",
1498730582,367022,send,"<0.83.0>","<0.62.0>",,,,,"{shell_rep,<0.83.0>,
           {value,<0.100.0>,
                  [{'Dolphin',<0.100.0>},
                   {'F',#Fun<erl_eval.20.52032458>},
                   {'G',#Fun<erl_eval.6.52032458>}],
                  []}}","-1",
1498730582,367107,spawn,"<0.101.0>","<0.62.0>","erlang:apply/2",,,,,"-1",
1498730582,367112,link,"<0.101.0>","<0.62.0>",,,,,,"-1",
1498730582,367129,send,"<0.101.0>","<0.60.0>",,,,,"{io_request,<0.101.0>,#Ref<0.0.1.148>,
            {get_until,unicode,[""18"",62,32],erl_scan,tokens,[1,[]]}}","-1",
1498730582,367139,shell_input_expected,,,,,"18> ",,,"-1",
1498730590,797510,shell_input,,,,,"18> ","Dolphin ! fish.
",,"-1",
1498730590,797780,exit,"<0.101.0>",,,,,,"{ok,[{op,1,'!',{var,1,'Dolphin'},{atom,1,fish}}]}","-1",
1498730590,797916,send,"<0.62.0>","<0.83.0>",,,,,"{shell_cmd,<0.62.0>,{eval,[{op,1,'!',{var,1,'Dolphin'},{atom,1,fish}}]},cmd}","-1",
1498730590,798045,send,"<0.83.0>","<0.100.0>",,,,,"fish","-1",
1498730590,798065,send,"<0.83.0>","<0.60.0>",,,,,"{io_request,<0.83.0>,#Ref<0.0.1.164>,{get_geometry,columns}}","-1",
1498730590,798080,send,"<0.100.0>","<0.60.0>",,,,,"{io_request,<0.100.0>,#Ref<0.0.1.165>,
            {put_chars,unicode,io_lib,format,
                       [""So long and thanks for all the fish!~n"",[]]}}","-1",
1498730590,798096,shell_output,,,,,,"So long and thanks for all the fish!
",,"-1",
1498730590,798320,send,"<0.83.0>","<0.60.0>",,,,,"{io_request,<0.83.0>,#Ref<0.0.1.166>,getopts}","-1",
1498730590,798343,exit,"<0.100.0>",,,,,,"normal","-1",
1498730590,798412,send,"<0.83.0>","<0.60.0>",,,,,"{io_request,<0.83.0>,#Ref<0.0.1.167>,
            {requests,[{put_chars,unicode,<<""fish"">>},
                       {put_chars,unicode,""\n""}]}}","-1",
1498730590,798652,shell_output,,,,,,"fish
",,"-1",
1498730590,798700,send,"<0.83.0>","<0.62.0>",,,,,"{shell_rep,<0.83.0>,
           {value,fish,
                  [{'Dolphin',<0.100.0>},
                   {'F',#Fun<erl_eval.20.52032458>},
                   {'G',#Fun<erl_eval.6.52032458>}],
                  []}}","-1",
1498730590,798788,spawn,"<0.102.0>","<0.62.0>","erlang:apply/2",,,,,"-1",
1498730590,798792,link,"<0.102.0>","<0.62.0>",,,,,,"-1",
1498730590,798869,send,"<0.102.0>","<0.60.0>",,,,,"{io_request,<0.102.0>,#Ref<0.0.1.170>,
            {get_until,unicode,[""19"",62,32],erl_scan,tokens,[1,[]]}}","-1",
1498730590,798895,shell_input_expected,,,,,"19> ",,,"-1",
1498730602,542018,shell_input,,,,,"19> ","c(dolphins).
",,"-1",
1498730602,542365,exit,"<0.102.0>",,,,,,"{ok,[{call,1,{atom,1,c},[{atom,1,dolphins}]}]}","-1",
1498730602,542555,send,"<0.62.0>","<0.83.0>",,,,,"{shell_cmd,<0.62.0>,{eval,[{call,1,{atom,1,c},[{atom,1,dolphins}]}]},cmd}","-1",
1498730602,542742,send,"<0.83.0>",,,"code_server",,,"{code_call,<0.83.0>,{ensure_loaded,shell_default}}","-1",
1498730602,542839,spawn,"<0.103.0>","<0.83.0>","erlang:apply/2",,,,,"-1",
1498730602,542949,send,"<0.103.0>","<0.45.0>",,,,,"{'$gen_call',{<0.103.0>,#Ref<0.0.2.144>},{delete,""dolphins.beam""}}","-1",
1498730602,543129,spawn,"<0.104.0>","<0.103.0>","erlang:apply/2",,,,,"-1",
1498730602,543162,send,"<0.104.0>","<0.45.0>",,,,,"{'$gen_call',{<0.104.0>,#Ref<0.0.2.146>},{open,""dolphins.erl"",[read]}}","-1",
1498730602,543381,send,"<0.104.0>","<0.105.0>",,,,,"{file_request,<0.104.0>,#Ref<0.0.2.150>,{position,cur}}","-1",
1498730602,543456,send,"<0.104.0>","<0.105.0>",,,,,"{io_request,<0.104.0>,#Ref<0.0.2.151>,getopts}","-1",
1498730602,543476,send,"<0.104.0>","<0.105.0>",,,,,"{io_request,<0.104.0>,#Ref<0.0.2.152>,{setopts,[binary,{encoding,latin1}]}}","-1",
1498730602,543500,send,"<0.104.0>","<0.105.0>",,,,,"{io_request,<0.104.0>,#Ref<0.0.2.153>,{get_chars,'',32}}","-1",
1498730602,543576,send,"<0.104.0>","<0.105.0>",,,,,"{io_request,<0.104.0>,#Ref<0.0.2.154>,{get_chars,'',32}}","-1",
1498730602,543603,send,"<0.104.0>","<0.105.0>",,,,,"{file_request,<0.104.0>,#Ref<0.0.2.155>,{position,0}}","-1",
1498730602,543662,send,"<0.104.0>","<0.105.0>",,,,,"{io_request,<0.104.0>,#Ref<0.0.1.192>,
            {setopts,[{binary,false},{encoding,latin1}]}}","-1",
1498730602,543705,send,"<0.104.0>","<0.105.0>",,,,,"{io_request,<0.104.0>,#Ref<0.0.1.193>,{setopts,[{encoding,utf8}]}}","-1",
1498730602,543741,send,"<0.104.0>","<0.103.0>",,,,,"{epp_reply,<0.104.0>,{ok,<0.104.0>,none}}","-1",
1498730602,543770,send,"<0.103.0>","<0.104.0>",,,,,"{epp_request,<0.103.0>,scan_erl_form}","-1",
1498730602,543786,send,"<0.104.0>","<0.103.0>",,,,,"{epp_reply,<0.104.0>,
           {ok,[{'-',1},
                {atom,1,file},
                {'(',1},
                {string,1,""dolphins.erl""},
                {',',1},
                {integer,1,1},
                {')',1},
                {dot,1}]}}","-1",
1498730602,543845,send,"<0.103.0>","<0.104.0>",,,,,"{epp_request,<0.103.0>,scan_erl_form}","-1",
1498730602,543877,send,"<0.104.0>","<0.105.0>",,,,,"{io_request,<0.104.0>,#Ref<0.0.1.196>,
            {get_until,unicode,'',erl_scan,tokens,[1,[]]}}","-1",
1498730602,544003,send,"<0.104.0>","<0.103.0>",,,,,"{epp_reply,<0.104.0>,
           {ok,[{'-',1},
                {atom,1,module},
                {'(',1},
                {atom,1,dolphins},
                {')',1},
                {dot,1}]}}","-1",
1498730602,544035,send,"<0.103.0>","<0.104.0>",,,,,"{epp_request,<0.103.0>,scan_erl_form}","-1",
1498730602,544062,send,"<0.104.0>","<0.105.0>",,,,,"{io_request,<0.104.0>,#Ref<0.0.1.198>,
            {get_until,unicode,'',erl_scan,tokens,[2,[]]}}","-1",
1498730602,544153,send,"<0.104.0>","<0.103.0>",,,,,"{epp_reply,<0.104.0>,
           {ok,[{'-',2},
                {atom,2,compile},
                {'(',2},
                {atom,2,export_all},
                {')',2},
                {dot,2}]}}","-1",
1498730602,544184,send,"<0.103.0>","<0.104.0>",,,,,"{epp_request,<0.103.0>,scan_erl_form}","-1",
1498730602,544203,send,"<0.104.0>","<0.105.0>",,,,,"{io_request,<0.104.0>,#Ref<0.0.2.160>,
            {get_until,unicode,'',erl_scan,tokens,[3,[]]}}","-1",
1498730602,544530,send,"<0.104.0>","<0.103.0>",,,,,"{epp_reply,<0.104.0>,
           {ok,[{atom,4,dolphin1},
                {'(',4},
                {')',4},
                {'->',4},
                {'receive',5},
                {atom,6,do_a_flip},
                {'->',6},
                {atom,7,io},
                {':',7},
                {atom,7,format},
                {'(',7},
                {string,7,""How about no?~n""},
                {')',7},
                {';',7},
                {atom,8,fish},
                {'->',8},
                {atom,9,io},
                {':',9},
                {atom,9,format},
                {'(',9},
                {string,9,""So long and thanks for all the fish!~n""},
                {')',9},
                {';',9},
                {var,10,'_'},
                {'->',10},
                {atom,11,io},
                {':',11},
                {atom,11,format},
                {'(',11},
                {string,11,""Heh, we're smarter than you humans.~n""},
                {')',11},
                {'end',12},
                {dot,12}]}}","-1",
1498730602,544662,send,"<0.103.0>","<0.104.0>",,,,,"{epp_request,<0.103.0>,scan_erl_form}","-1",
1498730602,544686,send,"<0.104.0>","<0.105.0>",,,,,"{io_request,<0.104.0>,#Ref<0.0.1.201>,
            {get_until,unicode,'',erl_scan,tokens,[13,[]]}}","-1",
1498730602,545038,send,"<0.104.0>","<0.103.0>",,,,,"{epp_reply,<0.104.0>,
           {ok,[{atom,14,dolphin2},
                {'(',14},
                {')',14},
                {'->',14},
                {'receive',15},
                {'{',16},
                {var,16,'From'},
                {',',16},
                {atom,16,do_a_flip},
                {'}',16},
                {'->',16},
                {var,17,'From'},
                {'!',17},
                {string,17,""How about no?""},
                {';',17},
                {'{',18},
                {var,18,'From'},
                {',',18},
                {atom,18,fish},
                {'}',18},
                {'->',18},
                {var,19,'From'},
                {'!',19},
                {string,19,""So long and thanks for all the fish!""},
                {';',19},
                {var,20,'_'},
                {'->',20},
                {atom,21,io},
                {':',21},
                {atom,21,format},
                {'(',21},
                {string,21,""Heh, we're smarter than you humans.~n""},
                {')',21},
                {'end',22},
                {dot,22}]}}","-1",
1498730602,545160,send,"<0.103.0>","<0.104.0>",,,,,"{epp_request,<0.103.0>,scan_erl_form}","-1",
1498730602,545175,send,"<0.104.0>","<0.105.0>",,,,,"{io_request,<0.104.0>,#Ref<0.0.2.165>,
            {get_until,unicode,'',erl_scan,tokens,[23,[]]}}","-1",
1498730602,545537,send,"<0.104.0>","<0.103.0>",,,,,"{epp_reply,<0.104.0>,
           {ok,[{atom,24,dolphin3},
                {'(',24},
                {')',24},
                {'->',24},
                {'receive',25},
                {'{',26},
                {var,26,'From'},
                {',',26},
                {atom,26,do_a_flip},
                {'}',26},
                {'->',26},
                {var,27,'From'},
                {'!',27},
                {string,27,""How about no?""},
                {',',27},
                {atom,28,dolphin3},
                {'(',28},
                {')',28},
                {';',28},
                {'{',29},
                {var,29,'From'},
                {',',29},
                {atom,29,fish},
                {'}',29},
                {'->',29},
                {var,30,'From'},
                {'!',30},
                {string,30,""So long and thanks for all the fish!""},
                {';',30},
                {var,31,'_'},
                {'->',31},
                {atom,32,io},
                {':',32},
                {atom,32,format},
                {'(',32},
                {string,32,""Heh, we're smarter than you humans.~n""},
                {')',32},
                {',',32},
                {atom,33,dolphin3},
                {'(',33},
                {')',33},
                {'end',34},
                {dot,34}]}}","-1",
1498730602,545675,send,"<0.103.0>","<0.104.0>",,,,,"{epp_request,<0.103.0>,scan_erl_form}","-1",
1498730602,545709,send,"<0.104.0>","<0.105.0>",,,,,"{io_request,<0.104.0>,#Ref<0.0.1.204>,
            {get_until,unicode,'',erl_scan,tokens,[35,[]]}}","-1",
1498730602,545789,send,"<0.104.0>","<0.103.0>",,,,,"{epp_reply,<0.104.0>,{eof,35}}","-1",
1498730602,545812,send,"<0.103.0>","<0.104.0>",,,,,"{epp_request,<0.103.0>,close}","-1",
1498730602,545826,send,"<0.104.0>","<0.105.0>",,,,,"{file_request,<0.104.0>,#Ref<0.0.1.207>,close}","-1",
1498730602,545943,send,"<0.104.0>","<0.103.0>",,,,,"{epp_reply,<0.104.0>,ok}","-1",
1498730602,545953,exit,"<0.104.0>",,,,,,"normal","-1",
1498730602,552130,send,"<0.103.0>","<0.45.0>",,,,,"{'$gen_call',{<0.103.0>,#Ref<0.0.2.174>},{get_cwd}}","-1",
1498730602,552974,send,"<0.103.0>","<0.45.0>",,,,,"{'$gen_call',{<0.103.0>,#Ref<0.0.2.175>},
             {open,""dolphins.bea#"",[binary,write]}}","-1",
1498730602,553073,send,"<0.103.0>","<0.106.0>",,,,,"{io_request,<0.103.0>,#Ref<0.0.2.179>,
            {put_chars,latin1,
                       <<70,79,82,49,0,0,3,252,66,69,65,77,65,116,111,109,0,
                         0,0,100,0,0,0,11,8,100,111,108,112,104,105,110,115,
                         8,100,111,108,112,104,105,110,49,4,102,105,115,104,
                         9,100,111,95,97,95,102,108,105,112,2,105,111,6,102,
                         111,114,109,97,116,8,100,111,108,112,104,105,110,50,
                         8,100,111,108,112,104,105,110,51,11,109,111,100,117,
                         108,101,95,105,110,102,111,6,101,114,108,97,110,103,
                         15,103,101,116,95,109,111,100,117,108,101,95,105,
                         110,102,111,67,111,100,101,0,0,1,89,0,0,0,16,0,0,0,
                         0,0,0,0,153,0,0,0,26,0,0,0,5,1,16,153,16,2,18,34,0,
                         1,32,153,32,1,48,23,117,3,48,101,3,59,3,101,23,64,
                         50,69,66,85,1,64,21,64,71,0,3,153,48,78,16,0,1,80,
                         21,64,71,16,3,153,64,78,16,0,1,96,21,64,71,32,3,153,
                         80,78,16,0,1,112,25,53,1,128,153,96,2,18,114,0,1,
                         144,12,0,0,153,112,1,160,23,229,3,57,213,3,58,213,3,
                         32,66,3,0,19,66,3,16,35,48,213,35,59,35,213,23,64,
                         50,181,66,197,1,176,21,64,19,3,64,71,48,19,153,128,
                         20,18,0,19,1,192,21,64,19,3,64,71,64,19,153,144,20,
                         18,0,19,1,208,21,64,71,32,3,153,160,8,16,0,0,1,224,
                         25,165,1,240,153,176,2,18,130,0,1,8,16,12,0,0,153,
                         192,1,8,17,23,13,21,3,57,13,20,3,58,13,20,3,32,66,3,
                         0,19,66,3,16,35,48,13,20,35,59,35,13,20,23,64,50,13,
                         18,66,13,19,1,8,18,21,64,19,3,64,71,48,19,153,208,
                         20,18,0,19,1,8,19,21,64,19,3,64,71,64,19,153,224,20,
                         5,0,13,16,0,1,8,20,21,64,71,32,3,153,240,7,16,0,5,0,
                         13,16,0,1,8,21,25,13,17,1,8,22,153,0,2,18,146,0,1,8,
                         23,64,18,3,153,0,78,16,16,1,8,24,153,0,2,18,146,16,
                         1,8,25,64,3,19,64,18,3,153,0,78,32,32,3,0,0,0,83,
                         116,114,84,0,0,0,0,73,109,112,84,0,0,0,40,0,0,0,3,0,
                         0,0,5,0,0,0,6,0,0,0,1,0,0,0,10,0,0,0,11,0,0,0,1,0,0,
                         0,10,0,0,0,11,0,0,0,2,69,120,112,84,0,0,0,64,0,0,0,
                         5,0,0,0,9,0,0,0,1,0,0,0,25,0,0,0,9,0,0,0,0,0,0,0,23,
                         0,0,0,8,0,0,0,0,0,0,0,16,0,0,0,7,0,0,0,0,0,0,0,9,0,
                         0,0,2,0,0,0,0,0,0,0,2,76,105,116,84,0,0,0,133,0,0,0,
                         183,120,156,141,205,189,10,194,64,16,4,224,109,44,
                         37,136,47,48,66,252,37,248,10,182,233,125,130,21,47,
                         158,228,178,11,247,67,176,177,241,197,93,174,179,
                         179,156,225,99,134,136,22,68,116,250,140,180,187,42,
                         130,202,3,44,119,100,207,50,38,12,26,193,33,88,116,
                         24,158,201,111,222,98,122,109,186,233,117,6,223,180,
                         100,136,94,106,125,180,122,219,59,223,97,118,251,
                         232,144,38,142,217,197,186,133,151,22,248,50,177,
                         164,115,197,7,195,237,63,143,102,87,102,151,63,127,
                         95,79,176,55,147,0,0,0,76,111,99,84,0,0,0,4,0,0,0,0,
                         65,116,116,114,0,0,0,40,131,108,0,0,0,1,104,2,100,0,
                         3,118,115,110,108,0,0,0,1,110,16,0,188,92,216,138,
                         246,6,90,250,113,227,12,134,220,17,108,26,106,106,
                         67,73,110,102,0,0,0,150,131,108,0,0,0,3,104,2,100,0,
                         7,111,112,116,105,111,110,115,106,104,2,100,0,7,118,
                         101,114,115,105,111,110,107,0,5,55,46,48,46,49,104,
                         2,100,0,6,115,111,117,114,99,101,107,0,96,47,104,
                         111,109,101,47,118,103,47,119,111,114,107,47,101,
                         115,112,97,99,101,47,101,115,112,97,99,101,47,112,
                         114,105,118,47,115,99,101,110,97,114,105,111,115,47,
                         50,48,49,55,45,48,54,45,50,57,47,49,50,45,51,56,45,
                         49,56,45,57,57,65,57,66,65,70,50,57,52,57,67,48,70,
                         69,48,51,68,65,65,47,100,111,108,112,104,105,110,
                         115,46,101,114,108,106,0,0,65,98,115,116,0,0,0,0,76,
                         105,110,101,0,0,0,43,0,0,0,0,0,0,0,0,0,0,0,19,0,0,0,
                         15,0,0,0,0,65,81,145,113,177,225,241,9,19,9,17,9,21,
                         9,24,9,25,9,30,9,27,9,32,0>>}}","-1",
1498730602,553188,send,"<0.103.0>","<0.106.0>",,,,,"{file_request,<0.103.0>,#Ref<0.0.2.180>,close}","-1",
1498730602,553225,send,"<0.103.0>","<0.45.0>",,,,,"{'$gen_call',{<0.103.0>,#Ref<0.0.2.181>},
             {rename,""dolphins.bea#"",""dolphins.beam""}}","-1",
1498730602,553293,exit,"<0.103.0>",,,,,,"{ok,dolphins}","-1",
1498730602,553338,send,"<0.83.0>",,,"code_server",,,"{code_call,<0.83.0>,{purge,dolphins}}","-1",
1498730602,553361,send,"<0.83.0>",,,"code_server",,,"{code_call,<0.83.0>,{load_abs,""./dolphins"",dolphins}}","-1",
1498730602,554224,send,"<0.83.0>","<0.60.0>",,,,,"{io_request,<0.83.0>,#Ref<0.0.2.182>,{get_geometry,columns}}","-1",
1498730602,554235,send,"<0.83.0>","<0.60.0>",,,,,"{io_request,<0.83.0>,#Ref<0.0.2.183>,getopts}","-1",
1498730602,554255,send,"<0.83.0>","<0.60.0>",,,,,"{io_request,<0.83.0>,#Ref<0.0.2.184>,
            {requests,[{put_chars,unicode,<<""{ok,dolphins}"">>},
                       {put_chars,unicode,""\n""}]}}","-1",
1498730602,554260,shell_output,,,,,,"{ok,dolphins}
",,"-1",
1498730602,554269,send,"<0.83.0>","<0.62.0>",,,,,"{shell_rep,<0.83.0>,
           {value,{ok,dolphins},
                  [{'Dolphin',<0.100.0>},
                   {'F',#Fun<erl_eval.20.52032458>},
                   {'G',#Fun<erl_eval.6.52032458>}],
                  []}}","-1",
1498730602,554328,spawn,"<0.107.0>","<0.62.0>","erlang:apply/2",,,,,"-1",
1498730602,554331,link,"<0.107.0>","<0.62.0>",,,,,,"-1",
1498730602,554337,send,"<0.107.0>","<0.60.0>",,,,,"{io_request,<0.107.0>,#Ref<0.0.2.185>,
            {get_until,unicode,[""20"",62,32],erl_scan,tokens,[1,[]]}}","-1",
1498730602,554347,shell_input_expected,,,,,"20> ",,,"-1",
1498731004,215664,shell_input,,,,,"20> ","Dolphin2 = spawn(dolphins, dolphin2, []).
",,"-1",
1498731004,215969,exit,"<0.107.0>",,,,,,"{ok,[{match,1,
            {var,1,'Dolphin2'},
            {call,1,
                  {atom,1,spawn},
                  [{atom,1,dolphins},{atom,1,dolphin2},{nil,1}]}}]}","-1",
1498731004,216172,send,"<0.62.0>","<0.83.0>",,,,,"{shell_cmd,<0.62.0>,
           {eval,[{match,1,
                         {var,1,'Dolphin2'},
                         {call,1,
                               {atom,1,spawn},
                               [{atom,1,dolphins},
                                {atom,1,dolphin2},
                                {nil,1}]}}]},
           cmd}","-1",
1498731004,216342,spawn,"<0.108.0>","<0.83.0>","dolphins:dolphin2/0",,,,,"-1",
1498731004,216363,send,"<0.83.0>","<0.60.0>",,,,,"{io_request,<0.83.0>,#Ref<0.0.2.190>,{get_geometry,columns}}","-1",
1498731004,216707,send,"<0.83.0>","<0.60.0>",,,,,"{io_request,<0.83.0>,#Ref<0.0.2.192>,getopts}","-1",
1498731004,216764,send,"<0.83.0>","<0.60.0>",,,,,"{io_request,<0.83.0>,#Ref<0.0.2.193>,
            {requests,[{put_chars,unicode,<<""<0.108.0>"">>},
                       {put_chars,unicode,""\n""}]}}","-1",
1498731004,216808,shell_output,,,,,,"<0.108.0>
",,"-1",
1498731004,216836,send,"<0.83.0>","<0.62.0>",,,,,"{shell_rep,<0.83.0>,
           {value,<0.108.0>,
                  [{'Dolphin',<0.100.0>},
                   {'Dolphin2',<0.108.0>},
                   {'F',#Fun<erl_eval.20.52032458>},
                   {'G',#Fun<erl_eval.6.52032458>}],
                  []}}","-1",
1498731004,216888,spawn,"<0.109.0>","<0.62.0>","erlang:apply/2",,,,,"-1",
1498731004,216891,link,"<0.109.0>","<0.62.0>",,,,,,"-1",
1498731004,216967,send,"<0.109.0>","<0.60.0>",,,,,"{io_request,<0.109.0>,#Ref<0.0.2.196>,
            {get_until,unicode,[""21"",62,32],erl_scan,tokens,[1,[]]}}","-1",
1498731004,216985,shell_input_expected,,,,,"21> ",,,"-1",
1498731024,567815,shell_input,,,,,"21> ","Dolphin2 ! {self(), do_a_flip}.
",,"-1",
1498731024,568173,exit,"<0.109.0>",,,,,,"{ok,[{op,1,'!',
         {var,1,'Dolphin2'},
         {tuple,1,[{call,1,{atom,1,self},[]},{atom,1,do_a_flip}]}}]}","-1",
1498731024,568375,send,"<0.62.0>","<0.83.0>",,,,,"{shell_cmd,<0.62.0>,
           {eval,[{op,1,'!',
                      {var,1,'Dolphin2'},
                      {tuple,1,
                             [{call,1,{atom,1,self},[]},
                              {atom,1,do_a_flip}]}}]},
           cmd}","-1",
1498731024,568528,send,"<0.83.0>","<0.108.0>",,,,,"{<0.83.0>,do_a_flip}","-1",
1498731024,568546,send,"<0.83.0>","<0.60.0>",,,,,"{io_request,<0.83.0>,#Ref<0.0.2.209>,{get_geometry,columns}}","-1",
1498731024,568570,send,"<0.108.0>","<0.83.0>",,,,,"""How about no?""","-1",
1498731024,568577,exit,"<0.108.0>",,,,,,"normal","-1",
1498731024,568861,send,"<0.83.0>","<0.60.0>",,,,,"{io_request,<0.83.0>,#Ref<0.0.2.211>,getopts}","-1",
1498731024,568932,send,"<0.83.0>","<0.60.0>",,,,,"{io_request,<0.83.0>,#Ref<0.0.2.212>,
            {requests,[{put_chars,unicode,<<""{<0.83.0>,do_a_flip}"">>},
                       {put_chars,unicode,""\n""}]}}","-1",
1498731024,568957,shell_output,,,,,,"{<0.83.0>,do_a_flip}
",,"-1",
1498731024,569054,send,"<0.83.0>","<0.62.0>",,,,,"{shell_rep,<0.83.0>,
           {value,{<0.83.0>,do_a_flip},
                  [{'Dolphin',<0.100.0>},
                   {'Dolphin2',<0.108.0>},
                   {'F',#Fun<erl_eval.20.52032458>},
                   {'G',#Fun<erl_eval.6.52032458>}],
                  []}}","-1",
1498731024,569149,spawn,"<0.110.0>","<0.62.0>","erlang:apply/2",,,,,"-1",
1498731024,569153,link,"<0.110.0>","<0.62.0>",,,,,,"-1",
1498731024,569183,send,"<0.110.0>","<0.60.0>",,,,,"{io_request,<0.110.0>,#Ref<0.0.2.214>,
            {get_until,unicode,[""22"",62,32],erl_scan,tokens,[1,[]]}}","-1",
1498731024,569208,shell_input_expected,,,,,"22> ",,,"-1",
1498731035,639456,shell_input,,,,,"22> ","flush().
",,"-1",
1498731035,639730,exit,"<0.110.0>",,,,,,"{ok,[{call,1,{atom,1,flush},[]}]}","-1",
1498731035,639852,send,"<0.62.0>","<0.83.0>",,,,,"{shell_cmd,<0.62.0>,{eval,[{call,1,{atom,1,flush},[]}]},cmd}","-1",
1498731035,639975,send,"<0.83.0>",,,"code_server",,,"{code_call,<0.83.0>,{ensure_loaded,shell_default}}","-1",
1498731035,640023,send,"<0.83.0>","<0.60.0>",,,,,"{io_request,<0.83.0>,#Ref<0.0.2.230>,getopts}","-1",
1498731035,640158,send,"<0.83.0>","<0.60.0>",,,,,"{io_request,<0.83.0>,#Ref<0.0.2.232>,
            {put_chars,unicode,io_lib,format,
                       [""Shell got ~tp~n"",[""How about no?""]]}}","-1",
1498731035,640171,shell_output,,,,,,"Shell got ""How about no?""
",,"-1",
1498731035,640226,send,"<0.83.0>","<0.60.0>",,,,,"{io_request,<0.83.0>,#Ref<0.0.2.233>,{get_geometry,columns}}","-1",
1498731035,640337,send,"<0.83.0>","<0.60.0>",,,,,"{io_request,<0.83.0>,#Ref<0.0.2.235>,getopts}","-1",
1498731035,640394,send,"<0.83.0>","<0.60.0>",,,,,"{io_request,<0.83.0>,#Ref<0.0.2.236>,
            {requests,[{put_chars,unicode,<<""ok"">>},
                       {put_chars,unicode,""\n""}]}}","-1",
1498731035,640532,shell_output,,,,,,"ok
",,"-1",
1498731035,640583,send,"<0.83.0>","<0.62.0>",,,,,"{shell_rep,<0.83.0>,
           {value,ok,
                  [{'Dolphin',<0.100.0>},
                   {'Dolphin2',<0.108.0>},
                   {'F',#Fun<erl_eval.20.52032458>},
                   {'G',#Fun<erl_eval.6.52032458>}],
                  []}}","-1",
1498731035,640696,spawn,"<0.111.0>","<0.62.0>","erlang:apply/2",,,,,"-1",
1498731035,640700,link,"<0.111.0>","<0.62.0>",,,,,,"-1",
1498731035,640820,send,"<0.111.0>","<0.60.0>",,,,,"{io_request,<0.111.0>,#Ref<0.0.2.239>,
            {get_until,unicode,[""23"",62,32],erl_scan,tokens,[1,[]]}}","-1",
1498731035,640839,shell_input_expected,,,,,"23> ",,,"-1",
1498731055,399308,shell_input,,,,,"23> ","Dolphin3 = spawn(dolphins, dolphin3, []).
",,"-1",
1498731055,399619,exit,"<0.111.0>",,,,,,"{ok,[{match,1,
            {var,1,'Dolphin3'},
            {call,1,
                  {atom,1,spawn},
                  [{atom,1,dolphins},{atom,1,dolphin3},{nil,1}]}}]}","-1",
1498731055,399879,send,"<0.62.0>","<0.83.0>",,,,,"{shell_cmd,<0.62.0>,
           {eval,[{match,1,
                         {var,1,'Dolphin3'},
                         {call,1,
                               {atom,1,spawn},
                               [{atom,1,dolphins},
                                {atom,1,dolphin3},
                                {nil,1}]}}]},
           cmd}","-1",
1498731055,400077,spawn,"<0.112.0>","<0.83.0>","dolphins:dolphin3/0",,,,,"-1",
1498731055,400103,send,"<0.83.0>","<0.60.0>",,,,,"{io_request,<0.83.0>,#Ref<0.0.2.254>,{get_geometry,columns}}","-1",
1498731055,400166,send,"<0.83.0>","<0.60.0>",,,,,"{io_request,<0.83.0>,#Ref<0.0.2.255>,getopts}","-1",
1498731055,400474,send,"<0.83.0>","<0.60.0>",,,,,"{io_request,<0.83.0>,#Ref<0.0.2.257>,
            {requests,[{put_chars,unicode,<<""<0.112.0>"">>},
                       {put_chars,unicode,""\n""}]}}","-1",
1498731055,400502,shell_output,,,,,,"<0.112.0>
",,"-1",
1498731055,400648,send,"<0.83.0>","<0.62.0>",,,,,"{shell_rep,<0.83.0>,
           {value,<0.112.0>,
                  [{'Dolphin',<0.100.0>},
                   {'Dolphin2',<0.108.0>},
                   {'Dolphin3',<0.112.0>},
                   {'F',#Fun<erl_eval.20.52032458>},
                   {'G',#Fun<erl_eval.6.52032458>}],
                  []}}","-1",
1498731055,400767,spawn,"<0.113.0>","<0.62.0>","erlang:apply/2",,,,,"-1",
1498731055,400778,link,"<0.113.0>","<0.62.0>",,,,,,"-1",
1498731055,400798,send,"<0.113.0>","<0.60.0>",,,,,"{io_request,<0.113.0>,#Ref<0.0.2.259>,
            {get_until,unicode,[""24"",62,32],erl_scan,tokens,[1,[]]}}","-1",
1498731055,400869,shell_input_expected,,,,,"24> ",,,"-1",
1498731101,856102,shell_input,,,,,"24> ","Dolphin3 ! Dolphin3 ! {self(), do_a_flip}.
",,"-1",
1498731101,856357,exit,"<0.113.0>",,,,,,"{ok,[{op,1,'!',
         {var,1,'Dolphin3'},
         {op,1,'!',
             {var,1,'Dolphin3'},
             {tuple,1,[{call,1,{atom,1,self},[]},{atom,1,do_a_flip}]}}}]}","-1",
1498731101,856566,send,"<0.62.0>","<0.83.0>",,,,,"{shell_cmd,<0.62.0>,
           {eval,[{op,1,'!',
                      {var,1,'Dolphin3'},
                      {op,1,'!',
                          {var,1,'Dolphin3'},
                          {tuple,1,
                                 [{call,1,{atom,1,self},[]},
                                  {atom,1,do_a_flip}]}}}]},
           cmd}","-1",
1498731101,856783,send,"<0.83.0>","<0.112.0>",,,,,"{<0.83.0>,do_a_flip}","-1",
1498731101,856792,send,"<0.83.0>","<0.112.0>",,,,,"{<0.83.0>,do_a_flip}","-1",
1498731101,856810,send,"<0.83.0>","<0.60.0>",,,,,"{io_request,<0.83.0>,#Ref<0.0.2.273>,{get_geometry,columns}}","-1",
1498731101,856836,send,"<0.112.0>","<0.83.0>",,,,,"""How about no?""","-1",
1498731101,856843,send,"<0.112.0>","<0.83.0>",,,,,"""How about no?""","-1",
1498731101,856874,send,"<0.83.0>","<0.60.0>",,,,,"{io_request,<0.83.0>,#Ref<0.0.2.274>,getopts}","-1",
1498731101,857153,send,"<0.83.0>","<0.60.0>",,,,,"{io_request,<0.83.0>,#Ref<0.0.2.276>,
            {requests,[{put_chars,unicode,<<""{<0.83.0>,do_a_flip}"">>},
                       {put_chars,unicode,""\n""}]}}","-1",
1498731101,857176,shell_output,,,,,,"{<0.83.0>,do_a_flip}
",,"-1",
1498731101,857267,send,"<0.83.0>","<0.62.0>",,,,,"{shell_rep,<0.83.0>,
           {value,{<0.83.0>,do_a_flip},
                  [{'Dolphin',<0.100.0>},
                   {'Dolphin2',<0.108.0>},
                   {'Dolphin3',<0.112.0>},
                   {'F',#Fun<erl_eval.20.52032458>},
                   {'G',#Fun<erl_eval.6.52032458>}],
                  []}}","-1",
1498731101,857362,spawn,"<0.114.0>","<0.62.0>","erlang:apply/2",,,,,"-1",
1498731101,857366,link,"<0.114.0>","<0.62.0>",,,,,,"-1",
1498731101,857394,send,"<0.114.0>","<0.60.0>",,,,,"{io_request,<0.114.0>,#Ref<0.0.2.278>,
            {get_until,unicode,[""25"",62,32],erl_scan,tokens,[1,[]]}}","-1",
1498731101,857543,shell_input_expected,,,,,"25> ",,,"-1",
1498731118,463857,shell_input,,,,,"25> ","flush().
",,"-1",
1498731118,464154,exit,"<0.114.0>",,,,,,"{ok,[{call,1,{atom,1,flush},[]}]}","-1",
1498731118,464202,send,"<0.62.0>","<0.83.0>",,,,,"{shell_cmd,<0.62.0>,{eval,[{call,1,{atom,1,flush},[]}]},cmd}","-1",
1498731118,464354,send,"<0.83.0>",,,"code_server",,,"{code_call,<0.83.0>,{ensure_loaded,shell_default}}","-1",
1498731118,464391,send,"<0.83.0>","<0.60.0>",,,,,"{io_request,<0.83.0>,#Ref<0.0.2.291>,getopts}","-1",
1498731118,464421,send,"<0.83.0>","<0.60.0>",,,,,"{io_request,<0.83.0>,#Ref<0.0.2.292>,
            {put_chars,unicode,io_lib,format,
                       [""Shell got ~tp~n"",[""How about no?""]]}}","-1",
1498731118,464433,shell_output,,,,,,"Shell got ""How about no?""
",,"-1",
1498731118,464486,send,"<0.83.0>","<0.60.0>",,,,,"{io_request,<0.83.0>,#Ref<0.0.2.293>,getopts}","-1",
1498731118,464507,send,"<0.83.0>","<0.60.0>",,,,,"{io_request,<0.83.0>,#Ref<0.0.2.294>,
            {put_chars,unicode,io_lib,format,
                       [""Shell got ~tp~n"",[""How about no?""]]}}","-1",
1498731118,464518,shell_output,,,,,,"Shell got ""How about no?""
",,"-1",
1498731118,464569,send,"<0.83.0>","<0.60.0>",,,,,"{io_request,<0.83.0>,#Ref<0.0.2.295>,{get_geometry,columns}}","-1",
1498731118,464588,send,"<0.83.0>","<0.60.0>",,,,,"{io_request,<0.83.0>,#Ref<0.0.2.296>,getopts}","-1",
1498731118,464667,send,"<0.83.0>","<0.60.0>",,,,,"{io_request,<0.83.0>,#Ref<0.0.2.297>,
            {requests,[{put_chars,unicode,<<""ok"">>},
                       {put_chars,unicode,""\n""}]}}","-1",
1498731118,464682,shell_output,,,,,,"ok
",,"-1",
1498731118,464697,send,"<0.83.0>","<0.62.0>",,,,,"{shell_rep,<0.83.0>,
           {value,ok,
                  [{'Dolphin',<0.100.0>},
                   {'Dolphin2',<0.108.0>},
                   {'Dolphin3',<0.112.0>},
                   {'F',#Fun<erl_eval.20.52032458>},
                   {'G',#Fun<erl_eval.6.52032458>}],
                  []}}","-1",
1498731118,464770,spawn,"<0.115.0>","<0.62.0>","erlang:apply/2",,,,,"-1",
1498731118,464776,link,"<0.115.0>","<0.62.0>",,,,,,"-1",
1498731118,464798,send,"<0.115.0>","<0.60.0>",,,,,"{io_request,<0.115.0>,#Ref<0.0.3.342>,
            {get_until,unicode,[""26"",62,32],erl_scan,tokens,[1,[]]}}","-1",
1498731118,464812,shell_input_expected,,,,,"26> ",,,"-1",
1498731132,774086,shell_input,,,,,"26> ","Dolphin3 ! {self(), unknown_message}.
",,"-1",
1498731132,774328,exit,"<0.115.0>",,,,,,"{ok,[{op,1,'!',
         {var,1,'Dolphin3'},
         {tuple,1,[{call,1,{atom,1,self},[]},{atom,1,unknown_message}]}}]}","-1",
1498731132,774477,send,"<0.62.0>","<0.83.0>",,,,,"{shell_cmd,<0.62.0>,
           {eval,[{op,1,'!',
                      {var,1,'Dolphin3'},
                      {tuple,1,
                             [{call,1,{atom,1,self},[]},
                              {atom,1,unknown_message}]}}]},
           cmd}","-1",
1498731132,774602,send,"<0.83.0>","<0.112.0>",,,,,"{<0.83.0>,unknown_message}","-1",
1498731132,774616,send,"<0.83.0>","<0.60.0>",,,,,"{io_request,<0.83.0>,#Ref<0.0.2.302>,{get_geometry,columns}}","-1",
1498731132,774634,send,"<0.112.0>","<0.60.0>",,,,,"{io_request,<0.112.0>,#Ref<0.0.2.303>,
            {put_chars,unicode,io_lib,format,
                       [""Heh, we're smarter than you humans.~n"",[]]}}","-1",
1498731132,774649,shell_output,,,,,,"Heh, we're smarter than you humans.
",,"-1",
1498731132,774846,send,"<0.83.0>","<0.60.0>",,,,,"{io_request,<0.83.0>,#Ref<0.0.2.305>,getopts}","-1",
1498731132,774902,send,"<0.83.0>","<0.60.0>",,,,,"{io_request,<0.83.0>,#Ref<0.0.2.306>,
            {requests,[{put_chars,unicode,<<""{<0.83.0>,unknown_message}"">>},
                       {put_chars,unicode,""\n""}]}}","-1",
1498731132,774923,shell_output,,,,,,"{<0.83.0>,unknown_message}
",,"-1",
1498731132,774992,send,"<0.83.0>","<0.62.0>",,,,,"{shell_rep,<0.83.0>,
           {value,{<0.83.0>,unknown_message},
                  [{'Dolphin',<0.100.0>},
                   {'Dolphin2',<0.108.0>},
                   {'Dolphin3',<0.112.0>},
                   {'F',#Fun<erl_eval.20.52032458>},
                   {'G',#Fun<erl_eval.6.52032458>}],
                  []}}","-1",
1498731132,775065,spawn,"<0.116.0>","<0.62.0>","erlang:apply/2",,,,,"-1",
1498731132,775068,link,"<0.116.0>","<0.62.0>",,,,,,"-1",
1498731132,775085,send,"<0.116.0>","<0.60.0>",,,,,"{io_request,<0.116.0>,#Ref<0.0.2.308>,
            {get_until,unicode,[""27"",62,32],erl_scan,tokens,[1,[]]}}","-1",
1498731132,775153,shell_input_expected,,,,,"27> ",,,"-1",
1498731146,895318,shell_input,,,,,"27> ","Dolphin3 ! Dolphin3 ! {self(), fish}.
",,"-1",
1498731146,895575,exit,"<0.116.0>",,,,,,"{ok,[{op,1,'!',
         {var,1,'Dolphin3'},
         {op,1,'!',
             {var,1,'Dolphin3'},
             {tuple,1,[{call,1,{atom,1,self},[]},{atom,1,fish}]}}}]}","-1",
1498731146,895801,send,"<0.62.0>","<0.83.0>",,,,,"{shell_cmd,<0.62.0>,
           {eval,[{op,1,'!',
                      {var,1,'Dolphin3'},
                      {op,1,'!',
                          {var,1,'Dolphin3'},
                          {tuple,1,
                                 [{call,1,{atom,1,self},[]},
                                  {atom,1,fish}]}}}]},
           cmd}","-1",
1498731146,895961,send,"<0.83.0>","<0.112.0>",,,,,"{<0.83.0>,fish}","-1",
1498731146,895971,send,"<0.83.0>","<0.112.0>",,,,,"{<0.83.0>,fish}","-1",
1498731146,895989,send,"<0.83.0>","<0.60.0>",,,,,"{io_request,<0.83.0>,#Ref<0.0.2.324>,{get_geometry,columns}}","-1",
1498731146,896010,send,"<0.112.0>","<0.83.0>",,,,,"""So long and thanks for all the fish!""","-1",
1498731146,896020,exit,"<0.112.0>",,,,,,"normal","-1",
1498731146,896346,send,"<0.83.0>","<0.60.0>",,,,,"{io_request,<0.83.0>,#Ref<0.0.2.326>,getopts}","-1",
1498731146,896429,send,"<0.83.0>","<0.60.0>",,,,,"{io_request,<0.83.0>,#Ref<0.0.2.327>,
            {requests,[{put_chars,unicode,<<""{<0.83.0>,fish}"">>},
                       {put_chars,unicode,""\n""}]}}","-1",
1498731146,896451,shell_output,,,,,,"{<0.83.0>,fish}
",,"-1",
1498731146,896538,send,"<0.83.0>","<0.62.0>",,,,,"{shell_rep,<0.83.0>,
           {value,{<0.83.0>,fish},
                  [{'Dolphin',<0.100.0>},
                   {'Dolphin2',<0.108.0>},
                   {'Dolphin3',<0.112.0>},
                   {'F',#Fun<erl_eval.20.52032458>},
                   {'G',#Fun<erl_eval.6.52032458>}],
                  []}}","-1",
1498731146,896684,spawn,"<0.117.0>","<0.62.0>","erlang:apply/2",,,,,"-1",
1498731146,896688,link,"<0.117.0>","<0.62.0>",,,,,,"-1",
1498731146,896714,send,"<0.117.0>","<0.60.0>",,,,,"{io_request,<0.117.0>,#Ref<0.0.2.329>,
            {get_until,unicode,[""28"",62,32],erl_scan,tokens,[1,[]]}}","-1",
1498731146,896828,shell_input_expected,,,,,"28> ",,,"-1",
1498731155,231566,shell_input,,,,,"28> ","flush().
",,"-1",
1498731155,231851,exit,"<0.117.0>",,,,,,"{ok,[{call,1,{atom,1,flush},[]}]}","-1",
1498731155,232071,send,"<0.62.0>","<0.83.0>",,,,,"{shell_cmd,<0.62.0>,{eval,[{call,1,{atom,1,flush},[]}]},cmd}","-1",
1498731155,232228,send,"<0.83.0>",,,"code_server",,,"{code_call,<0.83.0>,{ensure_loaded,shell_default}}","-1",
1498731155,232260,send,"<0.83.0>","<0.60.0>",,,,,"{io_request,<0.83.0>,#Ref<0.0.2.346>,getopts}","-1",
1498731155,232296,send,"<0.83.0>","<0.60.0>",,,,,"{io_request,<0.83.0>,#Ref<0.0.2.347>,
            {put_chars,unicode,io_lib,format,
                       [""Shell got ~tp~n"",
                        [""So long and thanks for all the fish!""]]}}","-1",
1498731155,232311,shell_output,,,,,,"Shell got ""So long and thanks for all the fish!""
",,"-1",
1498731155,232381,send,"<0.83.0>","<0.60.0>",,,,,"{io_request,<0.83.0>,#Ref<0.0.2.348>,{get_geometry,columns}}","-1",
1498731155,232404,send,"<0.83.0>","<0.60.0>",,,,,"{io_request,<0.83.0>,#Ref<0.0.2.349>,getopts}","-1",
1498731155,232437,send,"<0.83.0>","<0.60.0>",,,,,"{io_request,<0.83.0>,#Ref<0.0.2.350>,
            {requests,[{put_chars,unicode,<<""ok"">>},
                       {put_chars,unicode,""\n""}]}}","-1",
1498731155,232449,shell_output,,,,,,"ok
",,"-1",
1498731155,232471,send,"<0.83.0>","<0.62.0>",,,,,"{shell_rep,<0.83.0>,
           {value,ok,
                  [{'Dolphin',<0.100.0>},
                   {'Dolphin2',<0.108.0>},
                   {'Dolphin3',<0.112.0>},
                   {'F',#Fun<erl_eval.20.52032458>},
                   {'G',#Fun<erl_eval.6.52032458>}],
                  []}}","-1",
1498731155,232551,spawn,"<0.118.0>","<0.62.0>","erlang:apply/2",,,,,"-1",
1498731155,232557,link,"<0.118.0>","<0.62.0>",,,,,,"-1",
1498731155,232575,send,"<0.118.0>","<0.60.0>",,,,,"{io_request,<0.118.0>,#Ref<0.0.2.351>,
            {get_until,unicode,[""29"",62,32],erl_scan,tokens,[1,[]]}}","-1",
1498731155,232586,shell_input_expected,,,,,"29> ",,,"-1",
